rest_area_name,rest_area_number,responsible_authority,,,category,,vehicle_type
Glencoe,1095,RMS,,,INSPECTION BAY,,BOTH LIGHT AND HEAVY VEHICLES
,1040,RMS,,,REST AREA,,LIGHT VEHICLES ONLY
Southeast end of Nevertire,1052,RMS,,,PARKING AREA,,HEAVY VEHICLES ONLY
Nancy Coulton Lookout,1148,RMS,,,REST AREA,,BOTH LIGHT AND HEAVY VEHICLES
Glencoe Northbound,2007,RMS,,,INSPECTION BAY,,BOTH LIGHT AND HEAVY VEHICLES
,942,RMS,,,INSPECTION BAY,,HEAVY VEHICLES ONLY
Bonalbo Road Westbound,614,RMS,,,PARKING AREA,,HEAVY VEHICLES ONLY
Broken Hill Information Bay,254,RMS,,,PARKING AREA,,LIGHT VEHICLES ONLY
Arrawarra,4092,RMS,,,REST AREA,,BOTH LIGHT AND HEAVY VEHICLES
Mount Seaview,631,RMS,,,REST AREA,,LIGHT VEHICLES ONLY
,1285,RMS,,,PARKING AREA,,HEAVY VEHICLES ONLY
,1545,RMS,,,PARKING AREA,,BOTH LIGHT AND HEAVY VEHICLES
Daroobalgie Site,767,RMS,,,INSPECTION BAY,,HEAVY VEHICLES ONLY
Yarraman Rest Area,1186,RMS,,,REST AREA,,BOTH LIGHT AND HEAVY VEHICLES
,849,RMS,,,PARKING AREA,,HEAVY VEHICLES ONLY
ROSES PARK,4002,COUNCIL,,,REST AREA,,LIGHT VEHICLES ONLY
,936,RMS,,,REST AREA,,BOTH LIGHT AND HEAVY VEHICLES
Halls,913,RMS,,,PARKING AREA,,BOTH LIGHT AND HEAVY VEHICLES
Coolabah Northwest,1066,RMS,,,REST AREA,,BOTH LIGHT AND HEAVY VEHICLES
Emergency Phone Site,1286,RMS,,,PARKING AREA,,LIGHT VEHICLES ONLY
,1358,RMS,,,PARKING AREA,,HEAVY VEHICLES ONLY
Square Bush,1787,RMS,,,PARKING AREA,,HEAVY VEHICLES ONLY
Cudgegong Truck Rest Area,932,RMS,,,REST AREA,,BOTH LIGHT AND HEAVY VEHICLES
Browntown Oval,952,COUNCIL,,,REST AREA,,BOTH LIGHT AND HEAVY VEHICLES
,4001,RMS,,,PARKING AREA,,BOTH LIGHT AND HEAVY VEHICLES
,1425,RMS,,,PARKING AREA,,HEAVY VEHICLES ONLY
Nyngan-West approach-Northwest bound,1060,RMS,,,PARKING AREA,,HEAVY VEHICLES ONLY
Near Lightening Ridge,1770,RMS,,,REST AREA,,BOTH LIGHT AND HEAVY VEHICLES
Pearsons Lookout,562,RMS,,,PARKING AREA,,BOTH LIGHT AND HEAVY VEHICLES
Tapalin Rest Area - Eastbound,263,RMS,,,REST AREA,,BOTH LIGHT AND HEAVY VEHICLES
Gowan North Rest Area,1193,RMS,,,REST AREA,,BOTH LIGHT AND HEAVY VEHICLES
Clybucca Northbound,4010,RMS,,,REST AREA,,BOTH LIGHT AND HEAVY VEHICLES
Gingers Creek,637,RMS,,,REST AREA,,BOTH LIGHT AND HEAVY VEHICLES
Former RTA Weighbridge,1373,RMS,,,REST AREA,,BOTH LIGHT AND HEAVY VEHICLES
Deni Rest Area,3032,OTHER,,,REST AREA,,BOTH LIGHT AND HEAVY VEHICLES
Glenbrook Oval,939,COUNCIL,,,PARKING AREA,,BOTH LIGHT AND HEAVY VEHICLES
Garryowen,30,RMS,,,PARKING AREA,,BOTH LIGHT AND HEAVY VEHICLES
Truck Stopping Area Wollogorang,318,RMS,,,PARKING AREA,,BOTH LIGHT AND HEAVY VEHICLES
,1359,RMS,,,REST AREA,,LIGHT VEHICLES ONLY
Truck Parking Baxters Lane,333,RMS,,,PARKING AREA,,BOTH LIGHT AND HEAVY VEHICLES
Mail Route Rest Area,265,RMS,,,REST AREA,,BOTH LIGHT AND HEAVY VEHICLES
,1773,COUNCIL,,,REST AREA,,LIGHT VEHICLES ONLY
,1548,RMS,,,PARKING AREA,,BOTH LIGHT AND HEAVY VEHICLES
,1391,RMS,,,PARKING AREA,,HEAVY VEHICLES ONLY
Bundjalung - Devils Pulpit SF,3282,RMS,,,REST AREA,,BOTH LIGHT AND HEAVY VEHICLES
Braefield,1786,RMS,,,REST AREA,,LIGHT VEHICLES ONLY
Schmidts Lane,295,RMS,,,PARKING AREA,,BOTH LIGHT AND HEAVY VEHICLES
,759,RMS,,,REST AREA,,BOTH LIGHT AND HEAVY VEHICLES
Crookwell River near Laggan Street,1276,COUNCIL,,,REST AREA,,LIGHT VEHICLES ONLY
Edrom Rd Rest Area S/B,3009,RMS,,,REST AREA,,BOTH LIGHT AND HEAVY VEHICLES
Tom Groggin Rest Area,400,NATIONAL PARKS AND WILDLIFE SERVICE,,,REST AREA,,LIGHT VEHICLES ONLY
Lions Park - Walcha,1962,COUNCIL,,,REST AREA,,LIGHT VEHICLES ONLY
,4117,RMS,,,INFORMAL PARKING AREA,,BOTH LIGHT AND HEAVY VEHICLES
,739,RMS,,,REST AREA,,LIGHT VEHICLES ONLY
First Fleet Memorial Garden Wallabadah,1929,COUNCIL,,,REST AREA,,LIGHT VEHICLES ONLY
Back Creek - South Bound,2004,RMS,,,PARKING AREA,,BOTH LIGHT AND HEAVY VEHICLES
,685,RMS,,,PARKING AREA,,HEAVY VEHICLES ONLY
Willowvale,3038,RMS,,,REST AREA,,BOTH LIGHT AND HEAVY VEHICLES
Wheatley VC Rest Area,322,RMS,,,REST AREA,,LIGHT VEHICLES ONLY
French VC,16,RMS,,,REST AREA,,LIGHT VEHICLES ONLY
River Lett Hill (left),957,RMS,,,PARKING AREA,,BOTH LIGHT AND HEAVY VEHICLES
North of Tomingley Creek,989,RMS,,,REST AREA,,BOTH LIGHT AND HEAVY VEHICLES
Little Thredbo River Rest Area W/B,385,NATIONAL PARKS AND WILDLIFE SERVICE,,,REST AREA,,LIGHT VEHICLES ONLY
Truck Area Sth of Sallys Cnr S/B,88,RMS,,,REST AREA,,HEAVY VEHICLES ONLY
Bundarra Road - Cunningham Park,1921,COUNCIL,,,REST AREA,,LIGHT VEHICLES ONLY
Marsden Rest Area-North Bound,782,RMS,,,REST AREA,,BOTH LIGHT AND HEAVY VEHICLES
,1739,RMS,,,PARKING AREA,,HEAVY VEHICLES ONLY
Australia Day Park - Barraba,1828,COUNCIL,,,REST AREA,,LIGHT VEHICLES ONLY
Truck Stopping Area Donnellys,325,RMS,,,PARKING AREA,,BOTH LIGHT AND HEAVY VEHICLES
,845,RMS,,,REST AREA,,LIGHT VEHICLES ONLY
Truck Parking near Georges River Appin,382,RMS,,,PARKING AREA,,HEAVY VEHICLES ONLY
Mirrool,1591,RMS,,,PARKING AREA,,BOTH LIGHT AND HEAVY VEHICLES
White Rock Road Turn off,1122,RMS,,,REST AREA,,BOTH LIGHT AND HEAVY VEHICLES
Blue Metal Rest Area,3023,RMS,,,REST AREA,,BOTH LIGHT AND HEAVY VEHICLES
Victoria Pass Surveyor Plaque,953,OTHER,,,PARKING AREA,,LIGHT VEHICLES ONLY
,856,RMS,,,REST AREA,,HEAVY VEHICLES ONLY
Nunnock River Uncoupling Bay,364,RMS,,,REST AREA,,HEAVY VEHICLES ONLY
Lions Park,667,COUNCIL,,,REST AREA,,LIGHT VEHICLES ONLY
Dicken Park-Tomingley,990,COUNCIL,,,PARKING AREA,,LIGHT VEHICLES ONLY
Yarada Rest Areas,231,RMS,,,REST AREA,,LIGHT VEHICLES ONLY
Sandy Creek Rest Area,1681,RMS,,,REST AREA,,BOTH LIGHT AND HEAVY VEHICLES
Logbook Hill Marulan N/B,20,RMS,,,PARKING AREA,,BOTH LIGHT AND HEAVY VEHICLES
Netallie Hill Rest Area,1303,RMS,,,REST AREA,,BOTH LIGHT AND HEAVY VEHICLES
3.5km North of Thredbo,395,NATIONAL PARKS AND WILDLIFE SERVICE,,,PARKING AREA,,LIGHT VEHICLES ONLY
Daroobalgie Site,768,RMS,,,REST AREA,,BOTH LIGHT AND HEAVY VEHICLES
,389,NATIONAL PARKS AND WILDLIFE SERVICE,,,PARKING AREA,,LIGHT VEHICLES ONLY
Tigers Gap westbound,1147,RMS,,,REST AREA,,BOTH LIGHT AND HEAVY VEHICLES
Big Ben Creek,116,RMS,,,REST AREA,,BOTH LIGHT AND HEAVY VEHICLES
Biddon Rest Area S/B,890,RMS,,,REST AREA,,BOTH LIGHT AND HEAVY VEHICLES
Rest Area Wollogorang N/B,14,RMS,,,REST AREA,,BOTH LIGHT AND HEAVY VEHICLES
Heavy Vehicle Inspection Rest Area - E/B,3013,RMS,,,REST AREA,,HEAVY VEHICLE INSPECTION
Glen Innes East Avenue,1922,COUNCIL,,,REST AREA,,BOTH LIGHT AND HEAVY VEHICLES
,687,RMS,,,PARKING AREA,,HEAVY VEHICLES ONLY
,1554,OTHER,,,PARKING AREA,,HEAVY VEHICLES ONLY
Gins Leap,656,RMS,,,REST AREA,,LIGHT VEHICLES ONLY
,1534,RMS,,,PARKING AREA,,BOTH LIGHT AND HEAVY VEHICLES
Mackay Park,307,COUNCIL,,,REST AREA,,BOTH LIGHT AND HEAVY VEHICLES
Warialda Saleyards,1827,COUNCIL,,,REST AREA,,LIGHT VEHICLES ONLY
,585,RMS,,,REST AREA,,HEAVY VEHICLES ONLY
Barry's Creek Northbound,4125,RMS,,,REST AREA,,BOTH LIGHT AND HEAVY VEHICLES
Warialda Apex Park,1825,COUNCIL,,,REST AREA,,BOTH LIGHT AND HEAVY VEHICLES
,1680,RMS,,,PARKING AREA,,HEAVY VEHICLES ONLY
,445,OTHER,,,REST AREA,,LIGHT VEHICLES ONLY
Stephens Creek Bridge,1330,RMS,,,INFORMAL PARKING AREA,,HEAVY VEHICLES ONLY
Ewenma Waste Disposal Depot,1679,RMS,,,REST AREA,,LIGHT VEHICLES ONLY
Beckom Rest Area,1519,RMS,,,REST AREA,,BOTH LIGHT AND HEAVY VEHICLES
,866,RMS,,,PARKING AREA,,HEAVY VEHICLES ONLY
,850,OTHER,,,REST AREA,,BOTH LIGHT AND HEAVY VEHICLES
Whiporie,576,RMS,,,REST AREA,,BOTH LIGHT AND HEAVY VEHICLES
Migurra Reserve,3043,COUNCIL,,,PARKING AREA,,BOTH LIGHT AND HEAVY VEHICLES
Lake Williams Nimmtabel N/B,372,COUNCIL,,,REST AREA,,BOTH LIGHT AND HEAVY VEHICLES
Wiangaree Town Rest Area,1837,COUNCIL,,,REST AREA,,BOTH LIGHT AND HEAVY VEHICLES
,1063,RMS,,,PARKING AREA,,HEAVY VEHICLES ONLY
Kiga Bore Rest Area S/B,1164,RMS,,,REST AREA,,BOTH LIGHT AND HEAVY VEHICLES
Wingadee Rest Area,1620,RMS,,,REST AREA,,BOTH LIGHT AND HEAVY VEHICLES
,1107,RMS,,,REST AREA,,BOTH LIGHT AND HEAVY VEHICLES
Five Mile Rest Area-South Bound,785,RMS,,,INSPECTION BAY,,BOTH LIGHT AND HEAVY VEHICLES
Glenbrook,938,RMS,,,PARKING AREA,,BOTH LIGHT AND HEAVY VEHICLES
Carlton Dr Brooks Hill Res Bungendore,376,RMS,,,REST AREA,,LIGHT VEHICLES ONLY
Rotary Tamworth Airport,1161,OTHER,,,REST AREA,,BOTH LIGHT AND HEAVY VEHICLES
Trangie-East approach,1047,OTHER,,,REST AREA,,LIGHT VEHICLES ONLY
Deltroit,120,RMS,,,PARKING AREA,,HEAVY VEHICLES ONLY
LITTLE BILLABONG REST AREA,33,RMS,,,REST AREA,,BOTH LIGHT AND HEAVY VEHICLES
Mahda Rest Area - Southbound,1589,RMS,,,REST AREA,,BOTH LIGHT AND HEAVY VEHICLES
Run O Waters Sth Goulburn S/B,5,RMS,,,PARKING AREA,,BOTH LIGHT AND HEAVY VEHICLES
Lions Lookout,1220,OTHER,,,REST AREA,,LIGHT VEHICLES ONLY
Ngarigo Rest Area,393,NATIONAL PARKS AND WILDLIFE SERVICE,,,REST AREA,,LIGHT VEHICLES ONLY
1km Nth of Sierra Rd Yerrinbool N/B,25,RMS,,,PARKING AREA,,HEAVY VEHICLES ONLY
Cascades Information Bay,396,NATIONAL PARKS AND WILDLIFE SERVICE,,,PARKING AREA,,BOTH LIGHT AND HEAVY VEHICLES
Escort Rock Rest Area,1244,OTHER,,,REST AREA,,BOTH LIGHT AND HEAVY VEHICLES
,961,RMS,,,PARKING AREA,,HEAVY VEHICLES ONLY
Sutton Park,947,COUNCIL,,,REST AREA,,BOTH LIGHT AND HEAVY VEHICLES
Kyabia,1133,RMS,,,REST AREA,,LIGHT VEHICLES ONLY
Termeil Information Bay,3145,COUNCIL,,,REST AREA,,LIGHT VEHICLES ONLY
Information Bay Junction MR694,258,RMS,,,REST AREA,,LIGHT VEHICLES ONLY
MacCullochs Rest Area,1287,RMS,,,REST AREA,,BOTH LIGHT AND HEAVY VEHICLES
Jindabyne Information Bay nr Banjo Paterson Inn,3243,COUNCIL,,,REST AREA,,LIGHT VEHICLES ONLY
,447,OTHER,,,REST AREA,,LIGHT VEHICLES ONLY
Rankin Springs,1265,RMS,,,PARKING AREA,,BOTH LIGHT AND HEAVY VEHICLES
Tenterfield Creek,1810,RMS,,,REST AREA,,LIGHT VEHICLES ONLY
Sleepy Hollow Northbound,554,RMS,,,REST AREA,,BOTH LIGHT AND HEAVY VEHICLES
Bonalbo Road Eastbound,615,RMS,,,PARKING AREA,,HEAVY VEHICLES ONLY
,1627,RMS,,,PARKING AREA,,HEAVY VEHICLES ONLY
Bohena Creek Rest Area,1183,RMS,,,REST AREA,,BOTH LIGHT AND HEAVY VEHICLES
Seven Trees Rest Area,244,RMS,,,REST AREA,,BOTH LIGHT AND HEAVY VEHICLES
The Henty Man Rest Area,1234,RMS,,,REST AREA,,BOTH LIGHT AND HEAVY VEHICLES
Byrock-Southeast approach,1104,RMS,,,PARKING AREA,,HEAVY VEHICLES ONLY
Byrock,1740,OTHER,,,REST AREA,,BOTH LIGHT AND HEAVY VEHICLES
Schmidts Lane,294,RMS,,,PARKING AREA,,BOTH LIGHT AND HEAVY VEHICLES
Truck Park 1.2km West of SH2,202,RMS,,,PARKING AREA,,BOTH LIGHT AND HEAVY VEHICLES
,778,RMS,,,REST AREA,,BOTH LIGHT AND HEAVY VEHICLES
John Oxley Rest Area,1264,RMS,,,REST AREA,,BOTH LIGHT AND HEAVY VEHICLES
Truck Park near Victorian Border S/B,369,RMS,,,PARKING AREA,,BOTH LIGHT AND HEAVY VEHICLES
,1341,RMS,,,PARKING AREA,,HEAVY VEHICLES ONLY
Emmdale,1749,OTHER,,,PARKING AREA,,BOTH LIGHT AND HEAVY VEHICLES
Cusacks Creek Truck Park,1190,RMS,,,PARKING AREA,,HEAVY VEHICLES ONLY
Prungle Mail,259,RMS,,,REST AREA,,BOTH LIGHT AND HEAVY VEHICLES
South Brocklehurst Truck Insp Bay - S/B,904,RMS,,,INSPECTION BAY,,HEAVY VEHICLES ONLY
,852,RMS,,,REST AREA,,LIGHT VEHICLES ONLY
Mt Pleasant Water Tower Lookout S/B,343,COUNCIL,,,REST AREA,,LIGHT VEHICLES ONLY
,860,RMS,,,REST AREA,,HEAVY VEHICLES ONLY
Appin Rd EB Truck Parking Facility,3021,RMS,,,REST AREA,,BOTH LIGHT AND HEAVY VEHICLES
Mackey VC,86,RMS,,,REST AREA,,LIGHT VEHICLES ONLY
,1743,RMS,,,PARKING AREA,,HEAVY VEHICLES ONLY
Barley Fields Road - Uralla,1970,COUNCIL,,,REST AREA,,LIGHT VEHICLES ONLY
Robins Nest (Mirool Ck),1553,RMS,,,REST AREA,,BOTH LIGHT AND HEAVY VEHICLES
Packsaddle,1772,RMS,,,REST AREA,,LIGHT VEHICLES ONLY
Bobundara Rest Area Tilba N/B,356,RMS,,,REST AREA,,BOTH LIGHT AND HEAVY VEHICLES
,1533,RMS,,,PARKING AREA,,BOTH LIGHT AND HEAVY VEHICLES
Rest Area at Colombo Creek Bemboka,363,RMS,,,REST AREA,,LIGHT VEHICLES ONLY
Truck parking bay junction of HW6 & HW17.,780,RMS,,,PARKING AREA,,BOTH LIGHT AND HEAVY VEHICLES
Beardy Waters Bridge,1906,RMS,,,REST AREA,,LIGHT VEHICLES ONLY
Meilman East Rest Area,261,RMS,,,REST AREA,,BOTH LIGHT AND HEAVY VEHICLES
,1393,RMS,,,PARKING AREA,,BOTH LIGHT AND HEAVY VEHICLES
Moonbi,1969,COUNCIL,,,REST AREA,,LIGHT VEHICLES ONLY
,1119,RMS,,,PARKING AREA,,HEAVY VEHICLES ONLY
Bald Hill Lookout,388,COUNCIL,,,REST AREA,,BOTH LIGHT AND HEAVY VEHICLES
,456,OTHER,,,REST AREA,,LIGHT VEHICLES ONLY
Sleepy Hollow Southbound,555,RMS,,,REST AREA,,BOTH LIGHT AND HEAVY VEHICLES
Cudgegong,930,RMS,,,REST AREA,,BOTH LIGHT AND HEAVY VEHICLES
,422,RMS,,,REST AREA,,LIGHT VEHICLES ONLY
Berida Rest Area,1677,RMS,,,REST AREA,,BOTH LIGHT AND HEAVY VEHICLES
,1288,RMS,,,PARKING AREA,,HEAVY VEHICLES ONLY
Spring Hills Rest Area,1312,RMS,,,REST AREA,,LIGHT VEHICLES ONLY
Nambucca Heads Service Centre,4091,OTHER,,,HIGHWAY SERVICE CENTRE,,BOTH LIGHT AND HEAVY VEHICLES
Information Bay near Victorian Border N/B,371,COUNCIL,,,PARKING AREA,,BOTH LIGHT AND HEAVY VEHICLES
Bluff Rock Lookout,1073,RMS,,,REST AREA,,LIGHT VEHICLES ONLY
Kibby VC Rest Area,317,RMS,,,REST AREA,,BOTH LIGHT AND HEAVY VEHICLES
Parking area Otford,3259,RMS,,,INFORMAL PARKING AREA,,BOTH LIGHT AND HEAVY VEHICLES
Yamminba Rest Area,1189,RMS,,,REST AREA,,BOTH LIGHT AND HEAVY VEHICLES
Vittoria,1023,RMS,,,REST AREA,,BOTH LIGHT AND HEAVY VEHICLES
Beardy Water North,1090,RMS,,,REST AREA,,HEAVY VEHICLES ONLY
North of Forbes,766,RMS,,,REST AREA,,BOTH LIGHT AND HEAVY VEHICLES
Packsaddle Roadhouse,1771,RMS,,,REST AREA,,LIGHT VEHICLES ONLY
Cockburn,1753,OTHER,,,PARKING AREA,,HEAVY VEHICLES ONLY
Mt. Boyce,951,RMS,,,REST AREA,,BOTH LIGHT AND HEAVY VEHICLES
Braemar Park,579,RMS,,,REST AREA,,LIGHT VEHICLES ONLY
Chowne VC,17,RMS,,,REST AREA,,LIGHT VEHICLES ONLY
West of Medina Roundabout Hay,235,RMS,,,PARKING AREA,,BOTH LIGHT AND HEAVY VEHICLES
,1629,RMS,,,INSPECTION BAY,,HEAVY VEHICLES ONLY
Nungarry Rest Area Nth Kiama Bypass S/B,1699,RMS,,,REST AREA,,BOTH LIGHT AND HEAVY VEHICLES
,1347,RMS,,,INSPECTION BAY,,HEAVY VEHICLES ONLY
Nine Mile,1206,RMS,,,PARKING AREA,,BOTH LIGHT AND HEAVY VEHICLES
Oak Street,1886,COUNCIL,,,PARKING AREA,,LIGHT VEHICLES ONLY
Mossgiel (MR80 Junction),1549,RMS,,,PARKING AREA,,LIGHT VEHICLES ONLY
Rotary Park - Tenterfield,1838,COUNCIL,,,REST AREA,,LIGHT VEHICLES ONLY
No name,1222,RMS,,,REST AREA,,LIGHT VEHICLES ONLY
Bulla Park Rest Area,1012,RMS,,,REST AREA,,BOTH LIGHT AND HEAVY VEHICLES
,1630,RMS,,,PARKING AREA,,HEAVY VEHICLES ONLY
Truck Parking Area Madew Winery,331,RMS,,,PARKING AREA,,BOTH LIGHT AND HEAVY VEHICLES
Dubbo Zoo Town Information Bay,581,COUNCIL,,,REST AREA,,BOTH LIGHT AND HEAVY VEHICLES
Bulls Camp Reserve,943,COUNCIL,,,REST AREA,,LIGHT VEHICLES ONLY
Golf Club - Westbound,236,RMS,,,PARKING AREA,,BOTH LIGHT AND HEAVY VEHICLES
Baden Park Rest Area,1430,RMS,,,REST AREA,,BOTH LIGHT AND HEAVY VEHICLES
Berambing Picnic Area,818,COUNCIL,,,REST AREA,,BOTH LIGHT AND HEAVY VEHICLES
Dubbo Kart Club Brocklehurst,1762,RMS,,,PARKING AREA,,BOTH LIGHT AND HEAVY VEHICLES
Wind Farm Viewing Area,1277,OTHER,,,PARKING AREA,,LIGHT VEHICLES ONLY
Opposite Coombah Roadhouse,247,RMS,,,PARKING AREA,,HEAVY VEHICLES ONLY
South Coffs Harbour Service Centre,1852,OTHER,,,HIGHWAY SERVICE CENTRE,,BOTH LIGHT AND HEAVY VEHICLES
Mt.Pleasant Rest Area,889,RMS,,,REST AREA,,BOTH LIGHT AND HEAVY VEHICLES
,1744,RMS,,,PARKING AREA,,HEAVY VEHICLES ONLY
South Brocklehurst Truck Inspection Bay - N/B,905,RMS,,,INSPECTION BAY,,BOTH LIGHT AND HEAVY VEHICLES
Muswell Hill,1135,RMS,,,REST AREA,,BOTH LIGHT AND HEAVY VEHICLES
Yelgun,3101,RMS,,,REST AREA,,BOTH LIGHT AND HEAVY VEHICLES
Gilgunnia Goldfields Rest Area,1540,OTHER,,,REST AREA,,BOTH LIGHT AND HEAVY VEHICLES
Edgeroi Park,1179,COUNCIL,,,PARKING AREA,,LIGHT VEHICLES ONLY
Appin Park,3238,COUNCIL,,,REST AREA,,LIGHT VEHICLES ONLY
Celtic Country - Redbank,1092,RMS,,,REST AREA,,BOTH LIGHT AND HEAVY VEHICLES
,1756,RMS,,,REST AREA,,BOTH LIGHT AND HEAVY VEHICLES
Boolooroo Rest Area,1170,RMS,,,REST AREA,,BOTH LIGHT AND HEAVY VEHICLES
Neates Park,948,COUNCIL,,,REST AREA,,BOTH LIGHT AND HEAVY VEHICLES
,1621,RMS,,,PARKING AREA,,HEAVY VEHICLES ONLY
Snowy Range,982,RMS,,,PARKING AREA,,BOTH LIGHT AND HEAVY VEHICLES
Illabo Rest Area,3037,COUNCIL,,,REST AREA,,BOTH LIGHT AND HEAVY VEHICLES
North Parkes,1759,RMS,,,REST AREA,,BOTH LIGHT AND HEAVY VEHICLES
Gara River,974,RMS,,,REST AREA,,LIGHT VEHICLES ONLY
Tooraweenah Rest Area,885,RMS,,,REST AREA,,BOTH LIGHT AND HEAVY VEHICLES
Glen Ayr,1142,RMS,,,REST AREA,,LIGHT VEHICLES ONLY
,998,RMS,,,PARKING AREA,,BOTH LIGHT AND HEAVY VEHICLES
,1316,RMS,,,PARKING AREA,,HEAVY VEHICLES ONLY
Entrance to Balaclava,248,RMS,,,PARKING AREA,,HEAVY VEHICLES ONLY
War Memorial Park - Bendemeer,3301,COUNCIL,,,REST AREA,,LIGHT VEHICLES ONLY
,1325,RMS,,,PARKING AREA,,HEAVY VEHICLES ONLY
Sawpit Rest Area,386,NATIONAL PARKS AND WILDLIFE SERVICE,,,REST AREA,,LIGHT VEHICLES ONLY
Birdcage Rest Area,233,RMS,,,REST AREA,,BOTH LIGHT AND HEAVY VEHICLES
Nth of Moolgun Bridge N/B,29,RMS,,,PARKING AREA,,HEAVY VEHICLES ONLY
Numeralla River Rest Area N/B,373,RMS,,,REST AREA,,LIGHT VEHICLES ONLY
Leatherbarrel Creek Rest Area,399,NATIONAL PARKS AND WILDLIFE SERVICE,,,REST AREA,,LIGHT VEHICLES ONLY
,1166,RMS,,,REST AREA,,BOTH LIGHT AND HEAVY VEHICLES
,1380,COUNCIL,,,PARKING AREA,,BOTH LIGHT AND HEAVY VEHICLES
Eleven Mile,1207,RMS,,,PARKING AREA,,BOTH LIGHT AND HEAVY VEHICLES
Woodburn Riverside Park,1902,COUNCIL,,,REST AREA,,BOTH LIGHT AND HEAVY VEHICLES
South approach Bourke,683,RMS,,,PARKING AREA,,HEAVY VEHICLES ONLY
Tumblong,117,RMS,,,PARKING AREA,,HEAVY VEHICLES ONLY
Halfway Creek Service Centre,4019,PRIVATE,,,HIGHWAY SERVICE CENTRE,,BOTH LIGHT AND HEAVY VEHICLES
West of Nevertire,1056,RMS,,,REST AREA,,BOTH LIGHT AND HEAVY VEHICLES
Truck Parking Cutting LHS,3012,RMS,,,PARKING AREA,,HEAVY VEHICLES ONLY
Sth of Avon Dam Rd N/B,27,RMS,,,PARKING AREA,,HEAVY VEHICLES ONLY
Mahda Rest Area - Northbound,1590,RMS,,,REST AREA,,BOTH LIGHT AND HEAVY VEHICLES
Sapling Creek,963,RMS,,,REST AREA,,BOTH LIGHT AND HEAVY VEHICLES
Truck Area Wollogorang S/B,8,RMS,,,PARKING AREA,,HEAVY VEHICLES ONLY
,1424,RMS,,,PARKING AREA,,HEAVY VEHICLES ONLY
Schumachers westbound,715,RMS,,,REST AREA,,BOTH LIGHT AND HEAVY VEHICLES
Derrick VC,3,RMS,,,REST AREA,,LIGHT VEHICLES ONLY
Port Macquarie Service Centre,4006,OTHER,,,HIGHWAY SERVICE CENTRE,,BOTH LIGHT AND HEAVY VEHICLES
,1742,COUNCIL,,,PARKING AREA,,HEAVY VEHICLES ONLY
Barraba Omeara Park,1826,COUNCIL,,,REST AREA,,LIGHT VEHICLES ONLY
Nyngan-Int Mitchell and Barrier HWY,1127,RMS,,,PARKING AREA,,HEAVY VEHICLES ONLY
Sinclair Lookout,713,RMS,,,REST AREA,,LIGHT VEHICLES ONLY
Nyngan-East approach,1058,RMS,,,PARKING AREA,,HEAVY VEHICLES ONLY
Mt. Hope,1779,COUNCIL,,,PARKING AREA,,BOTH LIGHT AND HEAVY VEHICLES
Attunga,1817,COUNCIL,,,REST AREA,,BOTH LIGHT AND HEAVY VEHICLES
Parking area Otford Pie Shop,3258,RMS,,,INFORMAL PARKING AREA,,BOTH LIGHT AND HEAVY VEHICLES
Big Banana,1992,PRIVATE,,,REST AREA,,LIGHT VEHICLES ONLY
Zinder Park Rest Area,3014,RMS,,,PARKING AREA,,HEAVY VEHICLES ONLY
,657,RMS,,,PARKING AREA,,HEAVY VEHICLES ONLY
Appin Rd,316,RMS,,,REST AREA,,BOTH LIGHT AND HEAVY VEHICLES
Lollback,694,RMS,,,REST AREA,,LIGHT VEHICLES ONLY
Truck Area Lerida Creek S/B,10,RMS,,,REST AREA,,HEAVY VEHICLES ONLY
Jumping Sandhills,3129,RMS,,,PARKING AREA,,LIGHT VEHICLES ONLY
Bolivia Hill,1082,RMS,,,REST AREA,,HEAVY VEHICLES ONLY
Gordon VC,24,RMS,,,REST AREA,,LIGHT VEHICLES ONLY
,1298,RMS,,,PARKING AREA,,HEAVY VEHICLES ONLY
Mundoonan Rest Area S/B,11,RMS,,,REST AREA,,BOTH LIGHT AND HEAVY VEHICLES
Inverell Runnymede Drive,1920,COUNCIL,,,REST AREA,,BOTH LIGHT AND HEAVY VEHICLES
Swan Brook,714,RMS,,,REST AREA,,LIGHT VEHICLES ONLY
East of Narromine,1044,RMS,,,REST AREA,,LIGHT VEHICLES ONLY
,1042,RMS,,,REST AREA,,BOTH LIGHT AND HEAVY VEHICLES
,686,RMS,,,PARKING AREA,,HEAVY VEHICLES ONLY
Tomingley Truck Parking Area,991,COUNCIL,,,PARKING AREA,,HEAVY VEHICLES ONLY
White Gate Rest Area.,453,OTHER,,,REST AREA,,LIGHT VEHICLES ONLY
Tarrion Creek Rest Area,679,RMS,,,REST AREA,,LIGHT VEHICLES ONLY
Gurney VC Rest Area,330,RMS,,,REST AREA,,BOTH LIGHT AND HEAVY VEHICLES
Bumbaldry-Tyagong Creek,854,RMS,,,REST AREA,,HEAVY VEHICLES ONLY
Information Bay Kosciuszko Park S/B,3211,COUNCIL,,,REST AREA,,LIGHT VEHICLES ONLY
Moonbi Lookout,1141,OTHER,,,REST AREA,,LIGHT VEHICLES ONLY
Bicenteninal Park Rest Area,2012,COUNCIL,,,REST AREA,,BOTH LIGHT AND HEAVY VEHICLES
Brown Mtn Coupling Bay W/B,366,RMS,,,REST AREA,,HEAVY VEHICLES ONLY
East of Little Plain,1144,RMS,,,REST AREA,,BOTH LIGHT AND HEAVY VEHICLES
Spingdale,2013,COUNCIL,,,REST AREA,,BOTH LIGHT AND HEAVY VEHICLES
Nyngan-West approach-Southeast bound,1061,RMS,,,PARKING AREA,,HEAVY VEHICLES ONLY
Truck Parking Sign,933,RMS,,,PARKING AREA,,BOTH LIGHT AND HEAVY VEHICLES
,1423,RMS,,,PARKING AREA,,HEAVY VEHICLES ONLY
Mt Ousley Day Park Old Mt Ousley Rd,378,RMS,,,PARKING AREA,,LIGHT VEHICLES ONLY
Kyogle Apex Park,1843,COUNCIL,,,REST AREA,,LIGHT VEHICLES ONLY
Lochinvar Forest Park,3133,NATIONAL PARKS AND WILDLIFE SERVICE,,,REST AREA,,LIGHT VEHICLES ONLY
Memorial Park Goolagong,1238,OTHER,,,REST AREA,,BOTH LIGHT AND HEAVY VEHICLES
Jenolan State Forest,1635,OTHER,,,PARKING AREA,,BOTH LIGHT AND HEAVY VEHICLES
West Dubbo Airport,1043,RMS,,,PARKING AREA,,LIGHT VEHICLES ONLY
1.3km Nth of Sierra Rd Yerrinbool N/B,26,RMS,,,PARKING AREA,,HEAVY VEHICLES ONLY
Mossgiel (MR80 Junction),1550,RMS,,,PARKING AREA,,LIGHT VEHICLES ONLY
Borella VC Rest Area,3316,RMS,,,REST AREA,,BOTH LIGHT AND HEAVY VEHICLES
Gwyder River Parking Area,1169,RMS,,,PARKING AREA,,BOTH LIGHT AND HEAVY VEHICLES
Information Bay West of Jindabyne,384,NATIONAL PARKS AND WILDLIFE SERVICE,,,PARKING AREA,,BOTH LIGHT AND HEAVY VEHICLES
Cato Bridge Rest Area,1778,RMS,,,REST AREA,,LIGHT VEHICLES ONLY
,1357,RMS,,,PARKING AREA,,HEAVY VEHICLES ONLY
Abbotts Tank Rest Area,260,RMS,,,REST AREA,,LIGHT VEHICLES ONLY
Sandy Creek Rest Area,894,RMS,,,PARKING AREA,,BOTH LIGHT AND HEAVY VEHICLES
Nyngan Rotary Park,1059,OTHER,,,REST AREA,,LIGHT VEHICLES ONLY
Caragabel,844,OTHER,,,REST AREA,,BOTH LIGHT AND HEAVY VEHICLES
Edrom Rd Rest Area N/B,3002,RMS,,,REST AREA,,BOTH LIGHT AND HEAVY VEHICLES
Golf Club - Eastbound,237,RMS,,,PARKING AREA,,BOTH LIGHT AND HEAVY VEHICLES
BOOROWA DRIVER REVIVER SITE,3315,COUNCIL,,,REST AREA,,LIGHT VEHICLES ONLY
Thatchers Lane,1036,RMS,,,PARKING AREA,,BOTH LIGHT AND HEAVY VEHICLES
Boat Ramp-Brewarrina,643,OTHER,,,PARKING AREA,,LIGHT VEHICLES ONLY
Halls,912,RMS,,,PARKING AREA,,BOTH LIGHT AND HEAVY VEHICLES
Parkes Lions Park,1570,OTHER,,,REST AREA,,LIGHT VEHICLES ONLY
Information Bay Skitube Park Entrance,391,NATIONAL PARKS AND WILDLIFE SERVICE,,,PARKING AREA,,BOTH LIGHT AND HEAVY VEHICLES
Biddon Rest Area N/B,891,RMS,,,REST AREA,,BOTH LIGHT AND HEAVY VEHICLES
Truck Area Yarra S/B,6,RMS,,,PARKING AREA,,BOTH LIGHT AND HEAVY VEHICLES
Truck Stop Wollogorang N/B,15,RMS,,,REST AREA,,HEAVY VEHICLES ONLY
Truck Parking Area Haul Rd,320,RMS,,,PARKING AREA,,BOTH LIGHT AND HEAVY VEHICLES
,1748,RMS,,,PARKING AREA,,HEAVY VEHICLES ONLY
Rotary/Lions Park - Tamworth,630,OTHER,,,REST AREA,,LIGHT VEHICLES ONLY
,1532,RMS,,,REST AREA,,LIGHT VEHICLES ONLY
Broula Hill,855,RMS,,,PARKING AREA,,HEAVY VEHICLES ONLY
Bundaburra Creek Bridge,1755,RMS,,,REST AREA,,LIGHT VEHICLES ONLY
Sunset Viewing Area,3128,RMS,,,PARKING AREA,,LIGHT VEHICLES ONLY
Bendick Murrell Rest Area,1217,RMS,,,REST AREA,,BOTH LIGHT AND HEAVY VEHICLES
Chinderah Southbound Service Centre,4007,OTHER,,,HIGHWAY SERVICE CENTRE,,BOTH LIGHT AND HEAVY VEHICLES
Buttenshaw Park Faulconbridge,940,COUNCIL,,,REST AREA,,BOTH LIGHT AND HEAVY VEHICLES
Marrangaroo-Tunnel Hill,962,RMS,,,PARKING AREA,,BOTH LIGHT AND HEAVY VEHICLES
Byrock Rest Area,1102,RMS,,,REST AREA,,BOTH LIGHT AND HEAVY VEHICLES
Scubby Creek Rest Area N/B,361,STATE FORESTS,,,REST AREA,,LIGHT VEHICLES ONLY
Holmwood,911,RMS,,,PARKING AREA,,BOTH LIGHT AND HEAVY VEHICLES
,1064,RMS,,,PARKING AREA,,HEAVY VEHICLES ONLY
East approach-Miandetta,1125,RMS,,,PARKING AREA,,HEAVY VEHICLES ONLY
Newell Falls,573,RMS,,,REST AREA,,LIGHT VEHICLES ONLY
Lions Park,1790,RMS,,,REST AREA,,BOTH LIGHT AND HEAVY VEHICLES
Redbank - Tommy Swamp,1784,RMS,,,REST AREA,,LIGHT VEHICLES ONLY
Breelong Rest Area,1392,RMS,,,REST AREA,,BOTH LIGHT AND HEAVY VEHICLES
Forbes Apex Park,771,COUNCIL,,,REST AREA,,LIGHT VEHICLES ONLY
Kyeamba Gap East Rest Area,37,RMS,,,REST AREA,,BOTH LIGHT AND HEAVY VEHICLES
Gerogery Rest Area,3034,COUNCIL,,,REST AREA,,LIGHT VEHICLES ONLY
,3131,RMS,,,REST AREA,,BOTH LIGHT AND HEAVY VEHICLES
Opposite Claremont Lane,994,RMS,,,PARKING AREA,,LIGHT VEHICLES ONLY
,1342,RMS,,,REST AREA,,BOTH LIGHT AND HEAVY VEHICLES
,3130,COUNCIL,,,PARKING AREA,,BOTH LIGHT AND HEAVY VEHICLES
Shadforth Reserve,1248,RMS,,,REST AREA,,LIGHT VEHICLES ONLY
Jindabyne Surge Tank Lookout E/B,3247,NATIONAL PARKS AND WILDLIFE SERVICE,,,REST AREA,,LIGHT VEHICLES ONLY
Anderson VC Rest Area,329,RMS,,,REST AREA,,LIGHT VEHICLES ONLY
MILTON REST AREA,3022,RMS,,,REST AREA,,BOTH LIGHT AND HEAVY VEHICLES
,1037,RMS,,,REST AREA,,LIGHT VEHICLES ONLY
New Italy,546,OTHER,,,REST AREA,,LIGHT VEHICLES ONLY
John Oxley Rest Area,1768,COUNCIL,,,REST AREA,,BOTH LIGHT AND HEAVY VEHICLES
Percy Nott Rest Area,931,OTHER,,,REST AREA,,BOTH LIGHT AND HEAVY VEHICLES
,1752,RMS,,,PARKING AREA,,HEAVY VEHICLES ONLY
Panai Ave,1761,RMS,,,REST AREA,,BOTH LIGHT AND HEAVY VEHICLES
East of Dubbo,1777,RMS,,,PARKING AREA,,BOTH LIGHT AND HEAVY VEHICLES
Dorrigo Bielsdown River,1833,COUNCIL,,,REST AREA,,LIGHT VEHICLES ONLY
Parking Area Sth of Bargo On Ramp S/B,83,RMS,,,PARKING AREA,,BOTH LIGHT AND HEAVY VEHICLES
,1414,RMS,,,PARKING AREA,,HEAVY VEHICLES ONLY
,684,RMS,,,PARKING AREA,,HEAVY VEHICLES ONLY
Brown Mtn Uncoupling Bay E/B,367,RMS,,,REST AREA,,HEAVY VEHICLES ONLY
,1103,RMS,,,PARKING AREA,,HEAVY VEHICLES ONLY
,4118,RMS,,,INFORMAL PARKING AREA,,BOTH LIGHT AND HEAVY VEHICLES
Rest Area near Victorian Border N/B,370,RMS,,,REST AREA,,BOTH LIGHT AND HEAVY VEHICLES
,1437,RMS,,,PARKING AREA,,HEAVY VEHICLES ONLY
Oxleys Crossing Rest Area,1616,OTHER,,,REST AREA,,LIGHT VEHICLES ONLY
Spire View Rest Area,3007,RMS,,,REST AREA,,BOTH LIGHT AND HEAVY VEHICLES
Ravensworth - Westbound,241,RMS,,,REST AREA,,BOTH LIGHT AND HEAVY VEHICLES
,848,RMS,,,REST AREA,,LIGHT VEHICLES ONLY
NW approach Coolabah Northeast bound,1067,RMS,,,PARKING AREA,,BOTH LIGHT AND HEAVY VEHICLES
Dicks Creek,755,RMS,,,PARKING AREA,,BOTH LIGHT AND HEAVY VEHICLES
Spencers Creek,387,NATIONAL PARKS AND WILDLIFE SERVICE,,,REST AREA,,LIGHT VEHICLES ONLY
,745,RMS,,,REST AREA,,LIGHT VEHICLES ONLY
,847,RMS,,,REST AREA,,LIGHT VEHICLES ONLY
Five Mile Rest Area-North Bound,786,RMS,,,INSPECTION BAY,,BOTH LIGHT AND HEAVY VEHICLES
Truck Parking near Lake Williams N/B,3208,RMS,,,PARKING AREA,,HEAVY VEHICLES ONLY
Dunedoo Town,937,COUNCIL,,,PARKING AREA,,HEAVY VEHICLES ONLY
Dinjerra Road - Glenugie,1369,RMS,,,REST AREA,,BOTH LIGHT AND HEAVY VEHICLES
Kooligun Nature Walk,1918,COUNCIL,,,REST AREA,,LIGHT VEHICLES ONLY
,1420,RMS,,,PARKING AREA,,HEAVY VEHICLES ONLY
Delo Hill Rest Area,1307,RMS,,,REST AREA,,BOTH LIGHT AND HEAVY VEHICLES
West Plains Locality,779,RMS,,,REST AREA,,BOTH LIGHT AND HEAVY VEHICLES
Tapalin Rest Area - Westbound,262,RMS,,,REST AREA,,BOTH LIGHT AND HEAVY VEHICLES
,949,RMS,,,PARKING AREA,,BOTH LIGHT AND HEAVY VEHICLES
Mungadal - Westbound,238,RMS,,,INSPECTION BAY,,HEAVY VEHICLES ONLY
Morris Park,4008,COUNCIL,,,REST AREA,,BOTH LIGHT AND HEAVY VEHICLES
Wiangaree Pond,1793,COUNCIL,,,REST AREA,,LIGHT VEHICLES ONLY
Bathurst Hector Park Information Bay,1001,COUNCIL,,,REST AREA,,LIGHT VEHICLES ONLY
,1030,RMS,,,PARKING AREA,,BOTH LIGHT AND HEAVY VEHICLES
,1741,RMS,,,PARKING AREA,,HEAVY VEHICLES ONLY
Heritage Park (Bank of Beardy Ck),1091,COUNCIL,,,REST AREA,,BOTH LIGHT AND HEAVY VEHICLES
Jerrawangala Rest Area S/B,3141,RMS,,,REST AREA,,BOTH LIGHT AND HEAVY VEHICLES
Yarrangobilly River Rest Area,465,NATIONAL PARKS AND WILDLIFE SERVICE,,,REST AREA,,LIGHT VEHICLES ONLY
Tia River,1154,COUNCIL,,,REST AREA,,LIGHT VEHICLES ONLY
Berry Park Bathurst,1365,OTHER,,,REST AREA,,LIGHT VEHICLES ONLY
Truck Rest Area At Town Boundary,249,RMS,,,PARKING AREA,,HEAVY VEHICLES ONLY
Tookey Creek Rest Area,1177,RMS,,,REST AREA,,LIGHT VEHICLES ONLY
Dorrigo Mountain Top,572,RMS,,,REST AREA,,BOTH LIGHT AND HEAVY VEHICLES
Schumachers eastbound,716,RMS,,,REST AREA,,BOTH LIGHT AND HEAVY VEHICLES
Mathoura Rest Area,3026,COUNCIL,,,REST AREA,,LIGHT VEHICLES ONLY
Appin Rd E/B Truck Parking Facility,1698,RMS,,,REST AREA,,BOTH LIGHT AND HEAVY VEHICLES
,858,RMS,,,PARKING AREA,,HEAVY VEHICLES ONLY
Guyra,3303,COUNCIL,,,REST AREA,,LIGHT VEHICLES ONLY
Yalgogrin Rest Area,3017,RMS,,,REST AREA,,LIGHT VEHICLES ONLY
Wanganella,270,RMS,,,REST AREA,,LIGHT VEHICLES ONLY
Spire View Rest Area,3003,RMS,,,REST AREA,,BOTH LIGHT AND HEAVY VEHICLES
Pevensey Rest Area,240,RMS,,,REST AREA,,BOTH LIGHT AND HEAVY VEHICLES
Ilkadoon Rd,1260,RMS,,,REST AREA,,LIGHT VEHICLES ONLY
16 Mile Gums,907,RMS,,,REST AREA,,BOTH LIGHT AND HEAVY VEHICLES
Apsley Falls,1156,NATIONAL PARKS AND WILDLIFE SERVICE,,,REST AREA,,LIGHT VEHICLES ONLY
,1765,RMS,,,PARKING AREA,,BOTH LIGHT AND HEAVY VEHICLES
Dry Creek Quaama S/B,358,RMS,,,REST AREA,,LIGHT VEHICLES ONLY
,1619,RMS,,,REST AREA,,BOTH LIGHT AND HEAVY VEHICLES
Grand Circular Tourist Drive Information Centre,1381,COUNCIL,,,PARKING AREA,,BOTH LIGHT AND HEAVY VEHICLES
Castlereagh River Frontage,1763,COUNCIL,,,PARKING AREA,,LIGHT VEHICLES ONLY
Mallee Fowl Rest Area,266,RMS,,,REST AREA,,BOTH LIGHT AND HEAVY VEHICLES
Deniliquin Information Bay,3031,RMS,,,REST AREA,,LIGHT VEHICLES ONLY
White Street Park - Bingara,1924,COUNCIL,,,REST AREA,,BOTH LIGHT AND HEAVY VEHICLES
Quota Park,1864,COUNCIL,,,REST AREA,,LIGHT VEHICLES ONLY
Ti Tree Creek,676,RMS,,,REST AREA,,LIGHT VEHICLES ONLY
Gurley Parking Area,1176,RMS,,,PARKING AREA,,BOTH LIGHT AND HEAVY VEHICLES
,851,RMS,,,REST AREA,,HEAVY VEHICLES ONLY
Quambone turn off,1678,RMS,,,PARKING AREA,,HEAVY VEHICLES ONLY
Yanco Creek Rest Area,215,RMS,,,REST AREA,,BOTH LIGHT AND HEAVY VEHICLES
Gearys Gap Lookout Lake George,323,RMS,,,PARKING AREA,,BOTH LIGHT AND HEAVY VEHICLES
,1766,RMS,,,PARKING AREA,,BOTH LIGHT AND HEAVY VEHICLES
,1291,RMS,,,PARKING AREA,,HEAVY VEHICLES ONLY
Market Square Park,1799,OTHER,,,REST AREA,,BOTH LIGHT AND HEAVY VEHICLES
Lions Park - West Armidale,883,OTHER,,,REST AREA,,LIGHT VEHICLES ONLY
,770,RMS,,,PARKING AREA,,BOTH LIGHT AND HEAVY VEHICLES
Rotary Park,703,OTHER,,,REST AREA,,LIGHT VEHICLES ONLY
West Lyn Rd turn off,1126,RMS,,,PARKING AREA,,HEAVY VEHICLES ONLY
,1641,RMS,,,PARKING AREA,,BOTH LIGHT AND HEAVY VEHICLES
,1039,RMS,,,PARKING AREA,,BOTH LIGHT AND HEAVY VEHICLES
Barrengary Rest Area E/B,383,RMS,,,REST AREA,,BOTH LIGHT AND HEAVY VEHICLES
,1428,RMS,,,PARKING AREA,,HEAVY VEHICLES ONLY
Lithgow Endeavor Park,959,OTHER,,,REST AREA,,LIGHT VEHICLES ONLY
Truck Stopping Area Donnellys N/B,327,RMS,,,PARKING AREA,,BOTH LIGHT AND HEAVY VEHICLES
Gowan Rest Area N/B,1194,RMS,,,REST AREA,,BOTH LIGHT AND HEAVY VEHICLES
,1032,OTHER,,,REST AREA,,BOTH LIGHT AND HEAVY VEHICLES
Mount Gipps,1334,RMS,,,PARKING AREA,,HEAVY VEHICLES ONLY
Truck Park 2km West of Borambola Sth Rd,205,RMS,,,PARKING AREA,,BOTH LIGHT AND HEAVY VEHICLES
Truck Park 2km West of Borambola Sth Rd,206,RMS,,,PARKING AREA,,BOTH LIGHT AND HEAVY VEHICLES
Mundoonan Rest Area N/B,12,RMS,,,REST AREA,,BOTH LIGHT AND HEAVY VEHICLES
Uranquinty Rest Area,3036,COUNCIL,,,REST AREA,,BOTH LIGHT AND HEAVY VEHICLES
North of Tookey Ck Truck Park,3001,RMS,,,PARKING AREA,,HEAVY VEHICLES ONLY
Parking Area Nr Goulburn Bypass N/B,390,COUNCIL,,,PARKING AREA,,BOTH LIGHT AND HEAVY VEHICLES
,749,RMS,,,PARKING AREA,,HEAVY VEHICLES ONLY
Newton VC Rest Area,324,RMS,,,REST AREA,,BOTH LIGHT AND HEAVY VEHICLES
Ebor Falls Lookout,983,NATIONAL PARKS AND WILDLIFE SERVICE,,,REST AREA,,LIGHT VEHICLES ONLY
Parkes Bushmans Dam Kelly Reserve,1758,COUNCIL,,,REST AREA,,LIGHT VEHICLES ONLY
Captain Cook Park Rest Area,1960,COUNCIL,,,REST AREA,,LIGHT VEHICLES ONLY
Sir William Bridges Rest Area,1184,RMS,,,REST AREA,,BOTH LIGHT AND HEAVY VEHICLES
South Narrabri Truck Park,1182,RMS,,,PARKING AREA,,HEAVY VEHICLES ONLY
south of Bombala Truck Parking,3196,RMS,,,PARKING AREA,,HEAVY VEHICLES ONLY
Charcoal Tank Rest Area,1400,RMS,,,REST AREA,,BOTH LIGHT AND HEAVY VEHICLES
,1738,RMS,,,PARKING AREA,,BOTH LIGHT AND HEAVY VEHICLES
Birriwa,1257,RMS,,,PARKING AREA,,BOTH LIGHT AND HEAVY VEHICLES
Clybucca Southbound,4011,RMS,,,REST AREA,,BOTH LIGHT AND HEAVY VEHICLES
,873,RMS,,,PARKING AREA,,BOTH LIGHT AND HEAVY VEHICLES
"KIDMAN WAY, GOOLGOWI",3125,RMS,,,PARKING AREA,,BOTH LIGHT AND HEAVY VEHICLES
Gilgandra Coo-ee Heritage Centre,898,COUNCIL,,,REST AREA,,LIGHT VEHICLES ONLY
Wilcannia Urban Are,1299,RMS,,,PARKING AREA,,BOTH LIGHT AND HEAVY VEHICLES
Red Hill North Marulan S/B,90,RMS,,,PARKING AREA,,LIGHT VEHICLES ONLY
Talyawalka Flood Plain,1297,RMS,,,PARKING AREA,,HEAVY VEHICLES ONLY
Woolabrar Rest Area. Near Bellata,1178,RMS,,,REST AREA,,BOTH LIGHT AND HEAVY VEHICLES
Tunnel Hill,558,RMS,,,PARKING AREA,,BOTH LIGHT AND HEAVY VEHICLES
Bundaburra Aquatic Area,1754,RMS,,,REST AREA,,LIGHT VEHICLES ONLY
Cooinda Park,3095,COUNCIL,,,REST AREA,,LIGHT VEHICLES ONLY
Camurra Truck Inspection Bay S/B,1171,RMS,,,INSPECTION BAY,,HEAVY VEHICLES ONLY
Andersons Creek - The Ponds Comp,1919,RMS,,,REST AREA,,BOTH LIGHT AND HEAVY VEHICLES
Dumboy Creek,1145,RMS,,,REST AREA,,BOTH LIGHT AND HEAVY VEHICLES
The Keyhole,1205,RMS,,,PARKING AREA,,LIGHT VEHICLES ONLY
,1346,RMS,,,INSPECTION BAY,,HEAVY VEHICLES ONLY
,569,RMS,,,PARKING AREA,,LIGHT VEHICLES ONLY
Popiltah Lake Rest Area,245,RMS,,,REST AREA,,BOTH LIGHT AND HEAVY VEHICLES
20 Mile Gums,2008,RMS,,,PARKING AREA,,BOTH LIGHT AND HEAVY VEHICLES
Sallys Cnr Service Centre N/B,22,OTHER,,,REST AREA,,BOTH LIGHT AND HEAVY VEHICLES
Yarrangobilly River Rest Area,464,NATIONAL PARKS AND WILDLIFE SERVICE,,,REST AREA,,LIGHT VEHICLES ONLY
Ilford Coach Stop & Information Bay,567,OTHER,,,REST AREA,,BOTH LIGHT AND HEAVY VEHICLES
Lions Park - Barraba,669,COUNCIL,,,REST AREA,,BOTH LIGHT AND HEAVY VEHICLES
Trentham Rest Area,267,RMS,,,REST AREA,,BOTH LIGHT AND HEAVY VEHICLES
Gowan Rest Area S/B,1195,RMS,,,REST AREA,,BOTH LIGHT AND HEAVY VEHICLES
Truck Park Near Tarcutta Creek,203,RMS,,,PARKING AREA,,BOTH LIGHT AND HEAVY VEHICLES
Wallagaraugh Rest Area N/B,362,RMS,,,REST AREA,,LIGHT VEHICLES ONLY
Long Paddock Visitors Site,3025,OTHER,,,PARKING AREA,,LIGHT VEHICLES ONLY
Milpara Rest Area,243,RMS,,,REST AREA,,LIGHT VEHICLES ONLY
Stoney Creek,1155,RMS,,,REST AREA,,LIGHT VEHICLES ONLY
,777,RMS,,,PARKING AREA,,HEAVY VEHICLES ONLY
West of Nevertire,1055,RMS,,,PARKING AREA,,HEAVY VEHICLES ONLY
Garoolgan Rest Area,1472,RMS,,,REST AREA,,BOTH LIGHT AND HEAVY VEHICLES
Emergency Phone Site,1421,RMS,,,PARKING AREA,,LIGHT VEHICLES ONLY
Narrabri Tourist Information Centre,1181,COUNCIL,,,REST AREA,,LIGHT VEHICLES ONLY
Goulburn Bypass S/B,4,RMS,,,PARKING AREA,,BOTH LIGHT AND HEAVY VEHICLES
Reedy Creek Rest Area,455,OTHER,,,REST AREA,,LIGHT VEHICLES ONLY
Tycannah Rest Area  S/B,1174,RMS,,,REST AREA,,LIGHT VEHICLES ONLY
Gratwick VC Rest Area,332,RMS,,,REST AREA,,BOTH LIGHT AND HEAVY VEHICLES
Dogtrap Gully Inspection Bay N/B,1197,RMS,,,INSPECTION BAY,,BOTH LIGHT AND HEAVY VEHICLES
Chinamans Bend,1026,RMS,,,REST AREA,,BOTH LIGHT AND HEAVY VEHICLES
Capertee.,563,OTHER,,,REST AREA,,BOTH LIGHT AND HEAVY VEHICLES
The Black Swamp,909,RMS,,,PARKING AREA,,HEAVY VEHICLES ONLY
Bredbo Rest Area (Centennial Park),3215,COUNCIL,,,REST AREA,,LIGHT VEHICLES ONLY
Mail Route Rest Area,264,RMS,,,REST AREA,,BOTH LIGHT AND HEAVY VEHICLES
,1351,RMS,,,REST AREA,,BOTH LIGHT AND HEAVY VEHICLES
Cornish Rest Area,1746,RMS,,,REST AREA,,BOTH LIGHT AND HEAVY VEHICLES
Elong Elong Village,1775,COUNCIL,,,REST AREA,,BOTH LIGHT AND HEAVY VEHICLES
Nowendoc Rd,1157,RMS,,,REST AREA,,LIGHT VEHICLES ONLY
,1745,RMS,,,PARKING AREA,,HEAVY VEHICLES ONLY
Sawyers Hill Kiandra,368,NATIONAL PARKS AND WILDLIFE SERVICE,,,REST AREA,,BOTH LIGHT AND HEAVY VEHICLES
Mt Tomah Rest Area,817,RMS,,,REST AREA,,LIGHT VEHICLES ONLY
Dead Horse Gap,397,NATIONAL PARKS AND WILDLIFE SERVICE,,,PARKING AREA,,LIGHT VEHICLES ONLY
Ramornie  Orara River - Tindal Bridge,1803,RMS,,,REST AREA,,LIGHT VEHICLES ONLY
,1324,RMS,,,PARKING AREA,,HEAVY VEHICLES ONLY
Kyeamba Gap,36,RMS,,,REST AREA,,BOTH LIGHT AND HEAVY VEHICLES
,1422,RMS,,,PARKING AREA,,HEAVY VEHICLES ONLY
Heritage Park/Blayney,750,OTHER,,,REST AREA,,BOTH LIGHT AND HEAVY VEHICLES
State Forest Millionth Acre Hampton,1390,OTHER,,,REST AREA,,BOTH LIGHT AND HEAVY VEHICLES
Northern approach,1375,RMS,,,INSPECTION BAY,,HEAVY VEHICLES ONLY
Bega Lookout S/B,359,COUNCIL,,,PARKING AREA,,LIGHT VEHICLES ONLY
Meadow  Glen Rest Area,1426,RMS,,,REST AREA,,HEAVY VEHICLES ONLY
Topar Road House,1321,OTHER,,,REST AREA,,BOTH LIGHT AND HEAVY VEHICLES
The Sir Roden Cutler VC Rest Area,3285,COUNCIL,,,REST AREA,,LIGHT VEHICLES ONLY
Billabong Creek Rest Area,1757,RMS,,,REST AREA,,LIGHT VEHICLES ONLY
Yanco Creek Rest Area,214,RMS,,,REST AREA,,BOTH LIGHT AND HEAVY VEHICLES
,1046,RMS,,,PARKING AREA,,HEAVY VEHICLES ONLY
Bilpin Reserve,872,COUNCIL,,,REST AREA,,LIGHT VEHICLES ONLY
Logbook Hill Nth Marulan S/B,91,RMS,,,PARKING AREA,,BOTH LIGHT AND HEAVY VEHICLES
Black Perry Lookout,3120,NATIONAL PARKS AND WILDLIFE SERVICE,,,REST AREA,,LIGHT VEHICLES ONLY
Badcoe VC Rest Area,321,RMS,,,REST AREA,,LIGHT VEHICLES ONLY
Copper Hill Rest Area,1029,RMS,,,REST AREA,,BOTH LIGHT AND HEAVY VEHICLES
Ravensworth - Eastbound,255,RMS,,,REST AREA,,BOTH LIGHT AND HEAVY VEHICLES
Jubilee Park,3076,COUNCIL,,,REST AREA,,LIGHT VEHICLES ONLY
North Coonamble Town Limit,1769,COUNCIL,,,REST AREA,,BOTH LIGHT AND HEAVY VEHICLES
Hickeys Falls Parking Area,1764,RMS,,,REST AREA,,LIGHT VEHICLES ONLY
St Pauls Rest Area,256,RMS,,,REST AREA,,BOTH LIGHT AND HEAVY VEHICLES
,1494,RMS,,,PARKING AREA,,HEAVY VEHICLES ONLY
,655,RMS,,,REST AREA,,HEAVY VEHICLES ONLY
,1038,RMS,,,REST AREA,,HEAVY VEHICLES ONLY
Johnson,986,COUNCIL,,,REST AREA,,BOTH LIGHT AND HEAVY VEHICLES
Trunkey Creek,718,OTHER,,,REST AREA,,LIGHT VEHICLES ONLY
Mobil Service Centre Yanderra N/B,28,OTHER,,,REST AREA,,BOTH LIGHT AND HEAVY VEHICLES
Oconnell Playground NSW Sport & Rec Org.,1387,OTHER,,,REST AREA,,LIGHT VEHICLES ONLY
Curlwaa Rest Area,242,RMS,,,REST AREA,,BOTH LIGHT AND HEAVY VEHICLES
East of Dubbo,1776,RMS,,,PARKING AREA,,BOTH LIGHT AND HEAVY VEHICLES
Service Centre Marulan S/B,92,OTHER,,,REST AREA,,BOTH LIGHT AND HEAVY VEHICLES
Heffrons Lookout,593,RMS,,,REST AREA,,LIGHT VEHICLES ONLY
,1747,RMS,,,PARKING AREA,,HEAVY VEHICLES ONLY
North Billabong,35,RMS,,,REST AREA,,BOTH LIGHT AND HEAVY VEHICLES
Truck Stopping Area Yass River,326,RMS,,,PARKING AREA,,BOTH LIGHT AND HEAVY VEHICLES
Heavy Vehicle Inspection Rest Area - W/B,3008,RMS,,,REST AREA,,HEAVY VEHICLE INSPECTION
Windy CNR Birganbigal,1212,RMS,,,PARKING AREA,,BOTH LIGHT AND HEAVY VEHICLES
,747,RMS,,,REST AREA,,LIGHT VEHICLES ONLY
Coffs Harbour Moonee Street Tourist Park,1851,COUNCIL,,,REST AREA,,LIGHT VEHICLES ONLY
Pilliga Rest Area,1185,RMS,,,REST AREA,,BOTH LIGHT AND HEAVY VEHICLES
Barry's Creek Southbound,4126,RMS,,,REST AREA,,BOTH LIGHT AND HEAVY VEHICLES
Near Emmdale Roadhouse,1750,RMS,,,REST AREA,,BOTH LIGHT AND HEAVY VEHICLES
Cowra Olympic Park,1214,OTHER,,,REST AREA,,BOTH LIGHT AND HEAVY VEHICLES
Federation Park - Kootingal,1968,COUNCIL,,,REST AREA,,LIGHT VEHICLES ONLY
Truck Parking Area Yarra,334,RMS,,,PARKING AREA,,BOTH LIGHT AND HEAVY VEHICLES
Benanee Lake,3110,COUNCIL,,,REST AREA,,LIGHT VEHICLES ONLY
,1241,RMS,,,PARKING AREA,,HEAVY VEHICLES ONLY
Mt Lambie Scenic,1362,RMS,,,REST AREA,,BOTH LIGHT AND HEAVY VEHICLES
Rocks Hill,1021,RMS,,,PARKING AREA,,BOTH LIGHT AND HEAVY VEHICLES
Paddys Rest,509,RMS,,,REST AREA,,LIGHT VEHICLES ONLY
Bilpin Information Centre,875,COUNCIL,,,PARKING AREA,,BOTH LIGHT AND HEAVY VEHICLES
Truck Parking near Lake Williams S/B,3207,RMS,,,PARKING AREA,,HEAVY VEHICLES ONLY
Mullengandra Rest Area,103,RMS,,,REST AREA,,BOTH LIGHT AND HEAVY VEHICLES
Birdcage Rest Area,232,RMS,,,REST AREA,,BOTH LIGHT AND HEAVY VEHICLES
Trangie Park next to Gowan Water Hole,1048,OTHER,,,PARKING AREA,,LIGHT VEHICLES ONLY
NW approach Coolabah Southeast bound,1101,RMS,,,PARKING AREA,,BOTH LIGHT AND HEAVY VEHICLES
Rest Area 2km West of Borambola Rd Nth,204,RMS,,,REST AREA,,BOTH LIGHT AND HEAVY VEHICLES
Kiama Bends Information Bay N/B,341,RMS,,,REST AREA,,BOTH LIGHT AND HEAVY VEHICLES
,1110,RMS,,,PARKING AREA,,HEAVY VEHICLES ONLY
Sallys Cnr Service Centre S/B,87,OTHER,,,REST AREA,,BOTH LIGHT AND HEAVY VEHICLES
Camurra Truck Inspection Bay N,1172,RMS,,,INSPECTION BAY,,HEAVY VEHICLES ONLY
Sth of Federal Hwy Intersection S/B,7,RMS,,,PARKING AREA,,BOTH LIGHT AND HEAVY VEHICLES
Truck Parking Cutting RHS,3010,RMS,,,PARKING AREA,,HEAVY VEHICLES ONLY
Marsden Rest Area-South Bound,781,RMS,,,REST AREA,,BOTH LIGHT AND HEAVY VEHICLES
Information Bay south of Eden,3171,COUNCIL,,,REST AREA,,LIGHT VEHICLES ONLY
,454,OTHER,,,REST AREA,,BOTH LIGHT AND HEAVY VEHICLES
McHatten Park,1961,COUNCIL,,,REST AREA,,LIGHT VEHICLES ONLY
Thackaringa Hills RA,1439,RMS,,,REST AREA,,BOTH LIGHT AND HEAVY VEHICLES
Kioala Rest Area S/B,351,STATE FORESTS,,,REST AREA,,LIGHT VEHICLES ONLY
Parking area Otford Lookout,3260,RMS,,,INFORMAL PARKING AREA,,LIGHT VEHICLES ONLY
,1774,RMS,,,PARKING AREA,,BOTH LIGHT AND HEAVY VEHICLES
Narromime Dundas Park,1045,OTHER,,,REST AREA,,LIGHT VEHICLES ONLY
,1581,RMS,,,REST AREA,,LIGHT VEHICLES ONLY
Kempsey South Service Centre,4005,OTHER,,,HIGHWAY SERVICE CENTRE,,BOTH LIGHT AND HEAVY VEHICLES
Rest Area Broulee Rd N/B,3149,RMS,,,REST AREA,,BOTH LIGHT AND HEAVY VEHICLES
,1022,RMS,,,PARKING AREA,,BOTH LIGHT AND HEAVY VEHICLES
Sandilands,613,RMS,,,REST AREA,,LIGHT VEHICLES ONLY
,772,RMS,,,PARKING AREA,,LIGHT VEHICLES ONLY
Goonoo Goonoo,1608,RMS,,,REST AREA,,HEAVY VEHICLES ONLY
North Roundabout - Armidale,882,RMS,,,INSPECTION BAY,,HEAVY VEHICLES ONLY
Four Mile Creek Rest Area,3024,RMS,,,REST AREA,,BOTH LIGHT AND HEAVY VEHICLES
Lillis Lane - Barraba Show Ground,1829,COUNCIL,,,REST AREA,,BOTH LIGHT AND HEAVY VEHICLES
,1543,RMS,,,PARKING AREA,,LIGHT VEHICLES ONLY
,1535,RMS,,,PARKING AREA,,HEAVY VEHICLES ONLY
Eric Thomas Park,3035,COUNCIL,,,REST AREA,,LIGHT VEHICLES ONLY
North of Peak Hill,1760,RMS,,,REST AREA,,BOTH LIGHT AND HEAVY VEHICLES
Thredbo Diggings,392,NATIONAL PARKS AND WILDLIFE SERVICE,,,PARKING AREA,,LIGHT VEHICLES ONLY
Bewong Rest Area N/B,348,RMS,,,REST AREA,,BOTH LIGHT AND HEAVY VEHICLES
Manildra Lions Park,1558,OTHER,,,REST AREA,,LIGHT VEHICLES ONLY
Gunbar,1259,RMS,,,PARKING AREA,,HEAVY VEHICLES ONLY
Tumblong,118,RMS,,,REST AREA,,LIGHT VEHICLES ONLY
Comfort Hill N/B,23,RMS,,,PARKING AREA,,HEAVY VEHICLES ONLY
Warri Rest Area Shoalhaven River W/B,375,OTHER,,,REST AREA,,LIGHT VEHICLES ONLY
Gil Gil Creek Rest Area S/B,1167,RMS,,,REST AREA,,HEAVY VEHICLES ONLY
Nyngan - Truck Parking Area,1751,COUNCIL,,,PARKING AREA,,HEAVY VEHICLES ONLY
Truck Area Sth of Sallys Cnr N/B,21,RMS,,,REST AREA,,BOTH LIGHT AND HEAVY VEHICLES
Bunnerungee Rest Area,3019,RMS,,,REST AREA,,LIGHT VEHICLES ONLY
,758,RMS,,,PARKING AREA,,BOTH LIGHT AND HEAVY VEHICLES
Gamboola Rest Area,1028,RMS,,,REST AREA,,BOTH LIGHT AND HEAVY VEHICLES
Table and Chairs N/B,349,RMS,,,REST AREA,,LIGHT VEHICLES ONLY
Pheasants Nest Mobil Service Centre S/B,82,OTHER,,,REST AREA,,BOTH LIGHT AND HEAVY VEHICLES
100m South of Arumpo Rd.,268,RMS,,,REST AREA,,BOTH LIGHT AND HEAVY VEHICLES
Half Way Tree,1547,RMS,,,REST AREA,,BOTH LIGHT AND HEAVY VEHICLES
Bellbird Hill Reserve,1379,COUNCIL,,,PARKING AREA,,BOTH LIGHT AND HEAVY VEHICLES
Stockyard Creek,636,RMS,,,REST AREA,,LIGHT VEHICLES ONLY
,1626,RMS,,,PARKING AREA,,BOTH LIGHT AND HEAVY VEHICLES
,1289,RMS,,,PARKING AREA,,HEAVY VEHICLES ONLY
Manildra Honan Reserve,1557,OTHER,,,REST AREA,,LIGHT VEHICLES ONLY
Soil Conservation,1788,RMS,,,REST AREA,,LIGHT VEHICLES ONLY
Bulga Creek Rest Area,892,RMS,,,REST AREA,,BOTH LIGHT AND HEAVY VEHICLES
Marthaguy Rest Area,899,RMS,,,REST AREA,,BOTH LIGHT AND HEAVY VEHICLES
Greenwood Grange,1789,RMS,,,PARKING AREA,,BOTH LIGHT AND HEAVY VEHICLES
Sturts Marked Tree,1256,RMS,,,PARKING AREA,,HEAVY VEHICLES ONLY
Blue Vale Road,658,RMS,,,PARKING AREA,,HEAVY VEHICLES ONLY
Cullarin Truck Area N/B,13,RMS,,,REST AREA,,HEAVY VEHICLES ONLY
,1576,RMS,,,PARKING AREA,,LIGHT VEHICLES ONLY
Pond,941,COUNCIL,,,REST AREA,,LIGHT VEHICLES ONLY
Waldron Swamp Rest Area S/B,353,RMS,,,REST AREA,,LIGHT VEHICLES ONLY
Bombala Rest Area S/B,3195,COUNCIL,,,REST AREA,,LIGHT VEHICLES ONLY
Hillston Rest Area,1254,RMS,,,REST AREA,,BOTH LIGHT AND HEAVY VEHICLES
,1113,RMS,,,PARKING AREA,,HEAVY VEHICLES ONLY
No Name,646,RMS,,,PARKING AREA,,HEAVY VEHICLES ONLY
Emergency Phone Site,1328,RMS,,,PARKING AREA,,BOTH LIGHT AND HEAVY VEHICLES
,41,RMS,,,PARKING AREA,,HEAVY VEHICLES ONLY
Fairbridge Memorial Rest Area,1031,COUNCIL,,,REST AREA,,LIGHT VEHICLES ONLY
Beardy Waters Woodlands,600,COUNCIL,,,REST AREA,,LIGHT VEHICLES ONLY
,1338,RMS,,,PARKING AREA,,BOTH LIGHT AND HEAVY VEHICLES
Wirriwin Rest Area Nth Kiama Bypass N/B,1701,RMS,,,REST AREA,,BOTH LIGHT AND HEAVY VEHICLES
Lions Coronation Park - Casino,1801,COUNCIL,,,REST AREA,,LIGHT VEHICLES ONLY
Drake - Underwood Park,1798,COUNCIL,,,REST AREA,,LIGHT VEHICLES ONLY
Hume Weir Park,3069,COUNCIL,,,REST AREA,,LIGHT VEHICLES ONLY
Mungadal - Eastbound,239,RMS,,,INSPECTION BAY,,HEAVY VEHICLES ONLY
Flinders St  Rest Area Sth Nowra N/B,346,COUNCIL,,,REST AREA,,LIGHT VEHICLES ONLY
Truck park opp Bombala Historic Engine,3197,RMS,,,PARKING AREA,,HEAVY VEHICLES ONLY
Oakey Creek,980,RMS,,,REST AREA,,LIGHT VEHICLES ONLY
Tuena Picnic Area,721,COUNCIL,,,REST AREA,,LIGHT VEHICLES ONLY
Yanga Creek Rest Area,257,RMS,,,REST AREA,,LIGHT VEHICLES ONLY
Middleton VC Rest Area,328,RMS,,,REST AREA,,BOTH LIGHT AND HEAVY VEHICLES
Dandahra Picnic Area,1905,NATIONAL PARKS AND WILDLIFE SERVICE,,,REST AREA,,LIGHT VEHICLES ONLY
Pejar Dam Rest Area N/B,377,COUNCIL,,,REST AREA,,LIGHT VEHICLES ONLY
Heavy vehicle Inspection Bay SE of Nyngan,1057,RMS,,,INSPECTION BAY,,BOTH LIGHT AND HEAVY VEHICLES
Kiga Bore Rest Area N/B,1165,RMS,,,REST AREA,,BOTH LIGHT AND HEAVY VEHICLES
Lauriston,717,RMS,,,REST AREA,,LIGHT VEHICLES ONLY
North Star Rd Rest Area,1350,RMS,,,REST AREA,,BOTH LIGHT AND HEAVY VEHICLES
Webb Oval Park Moree,1173,COUNCIL,,,REST AREA,,LIGHT VEHICLES ONLY
Lilyvale Heavy Vehicle Rest Area (West Bound Lane),1431,RMS,,,REST AREA,,BOTH LIGHT AND HEAVY VEHICLES
Larras Lee,1034,RMS,,,REST AREA,,BOTH LIGHT AND HEAVY VEHICLES
Armidale City McDonald Park,1865,COUNCIL,,,REST AREA,,LIGHT VEHICLES ONLY
North of Forbes,765,RMS,,,PARKING AREA,,BOTH LIGHT AND HEAVY VEHICLES
Coraki-Casino Road Junction,1901,COUNCIL,,,REST AREA,,BOTH LIGHT AND HEAVY VEHICLES
Bairds Truck Stop,1551,RMS,,,REST AREA,,BOTH LIGHT AND HEAVY VEHICLES
Tycannah Rest Area N/B,1175,RMS,,,REST AREA,,LIGHT VEHICLES ONLY
,1544,RMS,,,PARKING AREA,,BOTH LIGHT AND HEAVY VEHICLES
Yellow Pinch Dam Rest Area N/B,360,STATE FORESTS,,,REST AREA,,LIGHT VEHICLES ONLY
Kedumba Park,946,COUNCIL,,,REST AREA,,BOTH LIGHT AND HEAVY VEHICLES
Mooroowoolin,2,RMS,,,PARKING AREA,,BOTH LIGHT AND HEAVY VEHICLES
,1586,RMS,,,PARKING AREA,,HEAVY VEHICLES ONLY
Truck Area Lerida Nth S/B,9,RMS,,,PARKING AREA,,HEAVY VEHICLES ONLY
Gil Gil Creek Rest Area N/B,1168,RMS,,,REST AREA,,BOTH LIGHT AND HEAVY VEHICLES
David Gillon Park,1767,RMS,,,PARKING AREA,,LIGHT VEHICLES ONLY
,1360,RMS,,,PARKING AREA,,LIGHT VEHICLES ONLY
150 Deg Meridian,1610,RMS,,,REST AREA,,LIGHT VEHICLES ONLY
,1105,RMS,,,PARKING AREA,,HEAVY VEHICLES ONLY
Back Creek - North Bound,784,RMS,,,PARKING AREA,,BOTH LIGHT AND HEAVY VEHICLES
,443,OTHER,,,REST AREA,,LIGHT VEHICLES ONLY
Broken Hill Information Bay,250,RMS,,,PARKING AREA,,LIGHT VEHICLES ONLY
Florida Rest Area,1121,RMS,,,REST AREA,,BOTH LIGHT AND HEAVY VEHICLES
Mulberygong Rest Area,234,RMS,,,REST AREA,,BOTH LIGHT AND HEAVY VEHICLES
Truck Driver Memorial - Tamworth,1931,COUNCIL,,,REST AREA,,HEAVY VEHICLES ONLY
BP Service Centre Marulan N/B,19,OTHER,,,REST AREA,,BOTH LIGHT AND HEAVY VEHICLES
Partridge VC Rest Area S/B,80,RMS,,,REST AREA,,BOTH LIGHT AND HEAVY VEHICLES
MR95 Picton Road near old airstrip,1697,RMS,,,REST AREA,,BOTH LIGHT AND HEAVY VEHICLES
Dingo Fence,977,RMS,,,REST AREA,,LIGHT VEHICLES ONLY
,1108,RMS,,,REST AREA,,BOTH LIGHT AND HEAVY VEHICLES
Beemery,651,RMS,,,REST AREA,,BOTH LIGHT AND HEAVY VEHICLES
,1111,OTHER,,,REST AREA,,LIGHT VEHICLES ONLY
Two Mile Creek,1035,RMS,,,REST AREA,,BOTH LIGHT AND HEAVY VEHICLES
Dogtrap Gully Inspection Bay S/B,1196,RMS,,,INSPECTION BAY,,BOTH LIGHT AND HEAVY VEHICLES
Parking Area Top of Mt Ousley E/B,381,RMS,,,PARKING AREA,,BOTH LIGHT AND HEAVY VEHICLES
East of Whiterock Rd turn off,1123,RMS,,,PARKING AREA,,BOTH LIGHT AND HEAVY VEHICLES
Dubbo Tourist Information Centre,906,COUNCIL,,,REST AREA,,LIGHT VEHICLES ONLY
Crooked Creek,619,STATE FORESTS,,,REST AREA,,LIGHT VEHICLES ONLY
Goolgowi,1262,COUNCIL,,,PARKING AREA,,BOTH LIGHT AND HEAVY VEHICLES
Ferry Park - Maclean,1791,OTHER,,,REST AREA,,LIGHT VEHICLES ONLY
Coffs South Service Centre,4134,PRIVATE,,,HIGHWAY SERVICE CENTRE,,LIGHT VEHICLES ONLY
Chinderah Northbound Service Centre,4009,OTHER,,,HIGHWAY SERVICE CENTRE,,BOTH LIGHT AND HEAVY VEHICLES
Lowesdale Rest Area,1506,RMS,,,REST AREA,,BOTH LIGHT AND HEAVY VEHICLES
Wardell Southbound,529,RMS,,,REST AREA,,BOTH LIGHT AND HEAVY VEHICLES
McPhillips Creek - Bom Bom,541,RMS,,,REST AREA,,BOTH LIGHT AND HEAVY VEHICLES
Tyagarah,552,RMS,,,REST AREA,,BOTH LIGHT AND HEAVY VEHICLES
Wardell Northbound,530,RMS,,,REST AREA,,BOTH LIGHT AND HEAVY VEHICLES
Mount Ousley Heavy Vehicle Rest Area,4012,RMS,,,REST AREA,,BOTH LIGHT AND HEAVY VEHICLES
