RestAreaNumber,RestAreaName,CategoryID,SuburbID,Description,DistanceFrom,RoadNumber,RoadName,Latitude,Longitude,Accessible,BabyChangeFacilities,Bbq,BoatRamp,CaravanDisposal,DriverReviver,EmergencyPhones,FoodAvailable,FuelAvailable,LitterBins,Lighting,Lookout,PetsAllowed,PicnicTable,Playground,PowerOutlets,PowerSupply,Shade,Shelter,SideOfRoad,SiteStatus,SportsGround,Toilets,TouristInformation,TreeShading,VehicleType,WaterSupplyType,ResponsibleAuthority
21,Truck Area Sth of Sallys Cnr N/B,2,212,,31km South of Mittagong,2,HUME HIGHWAY,-34.61686,150.2148,FALSE,FALSE,FALSE,FALSE,FALSE,FALSE,FALSE,FALSE,FALSE,FALSE,FALSE,FALSE,FALSE,FALSE,FALSE,FALSE,FALSE,FALSE,TRUE,RIGHT,,FALSE,0,FALSE,FALSE,BOTH LIGHT AND HEAVY VEHICLES,NONE,RMS
22,Sallys Cnr Service Centre N/B,2,212,,30km South of Mittagong,2,HUME HIGHWAY,-34.6082,150.226,TRUE,FALSE,FALSE,FALSE,FALSE,FALSE,FALSE,FALSE,FALSE,TRUE,TRUE,FALSE,FALSE,FALSE,TRUE,FALSE,FALSE,FALSE,TRUE,RIGHT,,FALSE,6,FALSE,FALSE,BOTH LIGHT AND HEAVY VEHICLES,TOWN SUPPLY,OTHER
23,Comfort Hill N/B,3,212,,25km South of Mittagong,2,HUME HIGHWAY,-34.56216,150.25534,FALSE,FALSE,FALSE,FALSE,FALSE,FALSE,FALSE,FALSE,FALSE,FALSE,FALSE,FALSE,FALSE,FALSE,FALSE,FALSE,FALSE,FALSE,TRUE,RIGHT,,FALSE,0,FALSE,FALSE,HEAVY VEHICLES ONLY,NONE,RMS
24,Gordon VC,2,212,,22km South of Mittagong,2,HUME HIGHWAY,-34.53498,150.28167,TRUE,FALSE,FALSE,FALSE,FALSE,FALSE,TRUE,FALSE,FALSE,TRUE,TRUE,FALSE,FALSE,TRUE,FALSE,TRUE,TRUE,FALSE,TRUE,RIGHT,,FALSE,2,FALSE,FALSE,LIGHT VEHICLES ONLY,WATER TRUCK,RMS
25,1km Nth of Sierra Rd Yerrinbool N/B,3,213,,15km North of Mittagong,2,HUME HIGHWAY,-34.3551,150.54052,FALSE,FALSE,FALSE,FALSE,FALSE,FALSE,FALSE,FALSE,FALSE,FALSE,FALSE,FALSE,FALSE,FALSE,FALSE,FALSE,FALSE,FALSE,TRUE,RIGHT,,FALSE,0,FALSE,FALSE,HEAVY VEHICLES ONLY,NONE,RMS
26,1.3km Nth of Sierra Rd Yerrinbool N/B,3,213,,15km North of Mittagong,2,HUME HIGHWAY,-34.35425,150.54268,FALSE,FALSE,FALSE,FALSE,FALSE,FALSE,FALSE,FALSE,FALSE,FALSE,FALSE,FALSE,FALSE,FALSE,FALSE,FALSE,FALSE,FALSE,TRUE,RIGHT,,FALSE,0,FALSE,FALSE,HEAVY VEHICLES ONLY,NONE,RMS
30,Garryowen,3,112,,100km from Gundagai and  79km to Albury,2,HUME HIGHWAY,-35.65675,147.43543,FALSE,FALSE,FALSE,FALSE,FALSE,FALSE,FALSE,FALSE,FALSE,TRUE,FALSE,FALSE,FALSE,FALSE,FALSE,FALSE,FALSE,TRUE,TRUE,RIGHT,,FALSE,0,FALSE,TRUE,BOTH LIGHT AND HEAVY VEHICLES,NONE,RMS
33,LITTLE BILLABONG 2,2,112,,91km from Gundagai and  89km to Albury,2,HUME HIGHWAY,-35.60009,147.51069,TRUE,FALSE,FALSE,FALSE,FALSE,FALSE,FALSE,FALSE,FALSE,TRUE,TRUE,FALSE,FALSE,TRUE,FALSE,FALSE,FALSE,FALSE,TRUE,LEFT,,FALSE,5,FALSE,FALSE,BOTH LIGHT AND HEAVY VEHICLES,WATER TRUCK,RMS
35,North Billabong,2,112,,87km from Gundagai and  92km to Albury,2,HUME HIGHWAY,-35.57632,147.53347,FALSE,FALSE,FALSE,FALSE,FALSE,FALSE,FALSE,FALSE,FALSE,TRUE,FALSE,FALSE,FALSE,FALSE,FALSE,FALSE,FALSE,FALSE,TRUE,LEFT,,FALSE,0,FALSE,FALSE,BOTH LIGHT AND HEAVY VEHICLES,NONE,RMS
36,Kyeamba Gap,2,111,,79km from Gundagai and 101km to Albury,2,HUME HIGHWAY,-35.50582,147.56427,FALSE,FALSE,FALSE,FALSE,FALSE,FALSE,FALSE,FALSE,FALSE,TRUE,FALSE,FALSE,FALSE,TRUE,FALSE,FALSE,FALSE,TRUE,TRUE,RIGHT,,FALSE,2,FALSE,TRUE,BOTH LIGHT AND HEAVY VEHICLES,RAINWATER TANK,RMS
37,Kyeamba Gap East Rest Area,2,111,,79km from Gundagai and 101km to Albury,2,HUME HIGHWAY,-35.50558,147.56447,FALSE,FALSE,FALSE,FALSE,FALSE,FALSE,FALSE,FALSE,FALSE,TRUE,FALSE,FALSE,FALSE,FALSE,FALSE,FALSE,FALSE,FALSE,TRUE,LEFT,,FALSE,0,FALSE,FALSE,BOTH LIGHT AND HEAVY VEHICLES,NONE,RMS
83,Parking Area Sth of Bargo On Ramp S/B,3,213,,38km South of Campbelltown,2,HUME HIGHWAY,-34.32823,150.56747,TRUE,FALSE,FALSE,FALSE,FALSE,FALSE,FALSE,FALSE,FALSE,FALSE,FALSE,FALSE,FALSE,FALSE,FALSE,FALSE,FALSE,FALSE,TRUE,LEFT,,FALSE,0,FALSE,FALSE,BOTH LIGHT AND HEAVY VEHICLES,NONE,RMS
86,Mackey VC,2,212,,26km South of Mittagong,2,HUME HIGHWAY,-34.57934,150.25342,TRUE,FALSE,FALSE,FALSE,FALSE,TRUE,FALSE,FALSE,FALSE,TRUE,FALSE,FALSE,FALSE,TRUE,FALSE,FALSE,FALSE,TRUE,TRUE,LEFT,,FALSE,2,FALSE,TRUE,LIGHT VEHICLES ONLY,WATER TRUCK,RMS
87,Sallys Cnr Service Centre S/B,2,212,,30km South of Mittagong,2,HUME HIGHWAY,-34.60686,150.22817,TRUE,FALSE,FALSE,FALSE,FALSE,FALSE,FALSE,FALSE,FALSE,TRUE,TRUE,FALSE,FALSE,FALSE,FALSE,TRUE,TRUE,FALSE,TRUE,LEFT,,FALSE,6,FALSE,FALSE,BOTH LIGHT AND HEAVY VEHICLES,TOWN SUPPLY,OTHER
88,Truck Area Sth of Sallys Cnr S/B,2,212,,31km South of Mittagong,2,HUME HIGHWAY,-34.61348,150.22009,FALSE,FALSE,FALSE,FALSE,FALSE,FALSE,FALSE,FALSE,FALSE,FALSE,FALSE,FALSE,FALSE,FALSE,FALSE,FALSE,FALSE,FALSE,TRUE,LEFT,,FALSE,0,FALSE,FALSE,HEAVY VEHICLES ONLY,NONE,RMS
103,Mullengandra Rest Area,2,113,,141km from Gundagai and  39km to Albury,2,HUME HIGHWAY,-35.89343,147.16953,FALSE,FALSE,FALSE,FALSE,FALSE,FALSE,FALSE,FALSE,FALSE,TRUE,FALSE,FALSE,FALSE,TRUE,FALSE,FALSE,FALSE,TRUE,TRUE,RIGHT,,FALSE,2,FALSE,TRUE,BOTH LIGHT AND HEAVY VEHICLES,WATER TRUCK,RMS
116,Big Ben Creek,2,100,,6km from Gundagai and 174km to Albury,2,HUME HIGHWAY,-35.10838,148.05718,TRUE,FALSE,FALSE,FALSE,FALSE,FALSE,FALSE,FALSE,FALSE,TRUE,FALSE,FALSE,FALSE,TRUE,FALSE,FALSE,FALSE,TRUE,TRUE,LEFT,,FALSE,0,FALSE,TRUE,BOTH LIGHT AND HEAVY VEHICLES,WATER TRUCK,RMS
117,Tumblong,3,101,,12km from Gundagai and 168km to Albury,2,HUME HIGHWAY,-35.13529,148.01053,TRUE,FALSE,FALSE,FALSE,FALSE,FALSE,FALSE,FALSE,FALSE,TRUE,FALSE,FALSE,FALSE,FALSE,FALSE,FALSE,FALSE,FALSE,TRUE,LEFT,,FALSE,0,FALSE,FALSE,HEAVY VEHICLES ONLY,NONE,RMS
118,Tumblong,2,101,,12km from Gundagai and 168km to Albury,2,HUME HIGHWAY,-35.13617,148.00928,TRUE,FALSE,FALSE,FALSE,FALSE,FALSE,FALSE,FALSE,FALSE,TRUE,TRUE,FALSE,FALSE,FALSE,FALSE,FALSE,FALSE,FALSE,TRUE,LEFT,,FALSE,2,FALSE,FALSE,LIGHT VEHICLES ONLY,NONE,RMS
202,Truck Park 1.2km West of SH2,3,150,,38km from Gundagai and  43km to Wagga Wagga,14,STURT HIGHWAY,-35.21775,147.77866,FALSE,FALSE,FALSE,FALSE,FALSE,FALSE,FALSE,FALSE,FALSE,TRUE,FALSE,FALSE,FALSE,FALSE,FALSE,FALSE,FALSE,FALSE,TRUE,LEFT,,FALSE,0,FALSE,FALSE,BOTH LIGHT AND HEAVY VEHICLES,NONE,RMS
204,Rest Area 2km West of Borambola Rd Nth,2,146,,60km from Gundagai and  21km to Wagga Wagga,14,STURT HIGHWAY,-35.16144,147.58237,TRUE,FALSE,FALSE,FALSE,FALSE,FALSE,FALSE,FALSE,FALSE,TRUE,FALSE,FALSE,FALSE,TRUE,FALSE,FALSE,FALSE,TRUE,TRUE,LEFT,,FALSE,0,FALSE,TRUE,BOTH LIGHT AND HEAVY VEHICLES,WATER TRUCK,RMS
205,Truck Park 2km West of Borambola Sth Rd,3,146,,63km from Gundagai and 19km to Wagga Wagga,14,STURT HIGHWAY,-35.16011,147.55423,FALSE,FALSE,FALSE,FALSE,FALSE,FALSE,FALSE,FALSE,FALSE,TRUE,FALSE,FALSE,FALSE,FALSE,FALSE,FALSE,FALSE,FALSE,TRUE,LEFT,,FALSE,0,FALSE,FALSE,BOTH LIGHT AND HEAVY VEHICLES,NONE,RMS
206,Truck Park 2km West of Borambola Sth Rd,3,146,,63km from Gundagai and 18km to Wagga Wagga,14,STURT HIGHWAY,-35.15922,147.55274,FALSE,FALSE,FALSE,FALSE,FALSE,FALSE,FALSE,FALSE,FALSE,TRUE,FALSE,FALSE,FALSE,FALSE,FALSE,FALSE,FALSE,FALSE,TRUE,RIGHT,,FALSE,0,FALSE,FALSE,BOTH LIGHT AND HEAVY VEHICLES,NONE,RMS
231,Yarada Rest Areas,2,133,,79km from Narrandera and  95km to Hay,14,STURT HIGHWAY,-34.57419,145.79164,TRUE,FALSE,FALSE,FALSE,FALSE,FALSE,FALSE,FALSE,FALSE,TRUE,FALSE,FALSE,FALSE,FALSE,FALSE,FALSE,FALSE,TRUE,TRUE,LEFT,OPEN,FALSE,0,FALSE,TRUE,LIGHT VEHICLES ONLY,WATER TRUCK,RMS
232,Birdcage Rest Area,2,133,,89km from Narrandera and  84km to Hay,14,STURT HIGHWAY,-34.52367,145.70091,TRUE,FALSE,FALSE,FALSE,FALSE,FALSE,FALSE,FALSE,FALSE,TRUE,FALSE,FALSE,FALSE,TRUE,FALSE,FALSE,FALSE,TRUE,TRUE,LEFT,OPEN,FALSE,2,FALSE,TRUE,BOTH LIGHT AND HEAVY VEHICLES,WATER TRUCK,RMS
233,Birdcage Rest Area,2,133,,89km from Narrandera and  84km to Hay,14,STURT HIGHWAY,-34.52367,145.70091,TRUE,FALSE,FALSE,FALSE,FALSE,TRUE,FALSE,FALSE,FALSE,TRUE,FALSE,FALSE,FALSE,TRUE,FALSE,FALSE,FALSE,TRUE,TRUE,RIGHT,OPEN,FALSE,2,FALSE,TRUE,BOTH LIGHT AND HEAVY VEHICLES,WATER TRUCK,RMS
235,West of Medina Roundabout Hay,3,120,,2km from Hay and 130km to Balranald,14,MOAMA ST,-34.5206,144.83892,FALSE,FALSE,FALSE,FALSE,FALSE,FALSE,FALSE,FALSE,FALSE,TRUE,FALSE,FALSE,FALSE,FALSE,FALSE,FALSE,FALSE,FALSE,TRUE,LEFT,,FALSE,0,FALSE,FALSE,BOTH LIGHT AND HEAVY VEHICLES,NONE,RMS
236,Golf Club - Westbound,3,120,,2km from Hay and 129km to Balranald,14,STURT HIGHWAY,-34.52036,144.82958,FALSE,FALSE,FALSE,FALSE,FALSE,FALSE,FALSE,FALSE,FALSE,TRUE,FALSE,FALSE,FALSE,FALSE,FALSE,FALSE,FALSE,FALSE,TRUE,LEFT,,FALSE,0,FALSE,FALSE,BOTH LIGHT AND HEAVY VEHICLES,NONE,RMS
237,Golf Club - Eastbound,3,120,,2km from Hay and 129km to Balranald,14,STURT HIGHWAY,-34.52033,144.82914,FALSE,FALSE,FALSE,FALSE,FALSE,FALSE,FALSE,FALSE,FALSE,TRUE,FALSE,FALSE,FALSE,FALSE,FALSE,FALSE,FALSE,FALSE,TRUE,RIGHT,,FALSE,0,FALSE,FALSE,BOTH LIGHT AND HEAVY VEHICLES,NONE,RMS
238,Mungadal - Westbound,5,120,,3km from Hay and 129km to Balranald,14,STURT HIGHWAY,-34.51986,144.82052,FALSE,FALSE,FALSE,FALSE,FALSE,FALSE,FALSE,FALSE,FALSE,TRUE,TRUE,FALSE,FALSE,FALSE,FALSE,FALSE,FALSE,FALSE,TRUE,LEFT,,FALSE,0,FALSE,FALSE,HEAVY VEHICLES ONLY,NONE,RMS
239,Mungadal - Eastbound,5,120,,3km from Hay and 129km to Balranald,14,STURT HIGHWAY,-34.51984,144.81998,FALSE,FALSE,FALSE,FALSE,FALSE,FALSE,FALSE,FALSE,FALSE,TRUE,TRUE,FALSE,FALSE,FALSE,FALSE,FALSE,FALSE,FALSE,TRUE,RIGHT,,FALSE,0,FALSE,FALSE,HEAVY VEHICLES ONLY,NONE,RMS
240,Pevensey Rest Area,2,120,,30km from Hay and 102km to Balranald,14,STURT HIGHWAY,-34.60352,144.5669,TRUE,FALSE,FALSE,FALSE,FALSE,TRUE,FALSE,FALSE,FALSE,TRUE,FALSE,FALSE,FALSE,TRUE,FALSE,FALSE,FALSE,TRUE,TRUE,LEFT,OPEN,FALSE,0,FALSE,TRUE,BOTH LIGHT AND HEAVY VEHICLES,NONE,RMS
241,Ravensworth - Westbound,2,121,,56km from Hay and  76km to Balranald,14,STURT HIGHWAY,-34.63206,144.2941,TRUE,FALSE,FALSE,FALSE,FALSE,FALSE,FALSE,FALSE,FALSE,TRUE,FALSE,FALSE,FALSE,TRUE,FALSE,FALSE,FALSE,FALSE,TRUE,LEFT,,FALSE,0,FALSE,FALSE,BOTH LIGHT AND HEAVY VEHICLES,WATER TRUCK,RMS
243,Milpara Rest Area,2,152,,26km from Wentworth and  240km to Broken Hill,22,SILVER CITY HIGHWAY,-33.92618,141.79607,TRUE,FALSE,FALSE,FALSE,FALSE,FALSE,FALSE,FALSE,FALSE,TRUE,FALSE,FALSE,FALSE,TRUE,FALSE,FALSE,FALSE,TRUE,TRUE,LEFT,OPEN,FALSE,1,FALSE,TRUE,LIGHT VEHICLES ONLY,WATER TRUCK,RMS
244,Seven Trees Rest Area,2,152,,82km from Wentworth and 185km to Broken Hill,22,SILVER CITY HIGHWAY,-33.46355,141.71043,TRUE,FALSE,FALSE,FALSE,FALSE,FALSE,FALSE,FALSE,FALSE,TRUE,FALSE,FALSE,FALSE,FALSE,FALSE,FALSE,FALSE,FALSE,TRUE,LEFT,OPEN,FALSE,1,FALSE,FALSE,BOTH LIGHT AND HEAVY VEHICLES,NONE,RMS
248,Entrance to Balaclava,3,271,,21.6km South of Broken Hill,22,SILVER CITY HIGHWAY,-32.12346,141.40518,TRUE,FALSE,FALSE,FALSE,FALSE,FALSE,FALSE,FALSE,FALSE,TRUE,FALSE,FALSE,FALSE,FALSE,FALSE,FALSE,FALSE,FALSE,TRUE,RIGHT,,FALSE,0,FALSE,FALSE,HEAVY VEHICLES ONLY,NONE,RMS
249,Truck Rest Area At Town Boundary,3,271,,8.0km South of Broken Hill,22,SILVER CITY HIGHWAY,-32.00707,141.43734,TRUE,FALSE,FALSE,FALSE,FALSE,FALSE,FALSE,FALSE,FALSE,TRUE,FALSE,FALSE,FALSE,FALSE,FALSE,FALSE,FALSE,FALSE,TRUE,RIGHT,,FALSE,0,FALSE,FALSE,HEAVY VEHICLES ONLY,NONE,RMS
250,Broken Hill Information Bay,3,271,,7.3km South of Broken Hill,22,SILVER CITY HIGHWAY,-32.00181,141.43991,TRUE,FALSE,FALSE,FALSE,FALSE,FALSE,FALSE,FALSE,FALSE,TRUE,FALSE,FALSE,FALSE,TRUE,FALSE,FALSE,FALSE,FALSE,TRUE,LEFT,,FALSE,0,FALSE,FALSE,LIGHT VEHICLES ONLY,NONE,RMS
254,Broken Hill Information Bay,3,271,,3.3km East of Broken Hill,8,BARRIER HIGHWAY,-31.94617,141.49601,TRUE,FALSE,FALSE,FALSE,FALSE,FALSE,FALSE,FALSE,FALSE,TRUE,FALSE,FALSE,FALSE,FALSE,FALSE,FALSE,FALSE,FALSE,TRUE,LEFT,,FALSE,0,FALSE,FALSE,LIGHT VEHICLES ONLY,NONE,RMS
255,Ravensworth - Eastbound,2,121,,56km from Hay and  76km to Balranald,14,STURT HIGHWAY,-34.6317,144.29551,TRUE,FALSE,FALSE,FALSE,FALSE,FALSE,FALSE,FALSE,FALSE,TRUE,FALSE,FALSE,FALSE,TRUE,FALSE,FALSE,FALSE,FALSE,TRUE,RIGHT,OPEN,FALSE,2,FALSE,FALSE,BOTH LIGHT AND HEAVY VEHICLES,WATER TRUCK,RMS
256,St Pauls Rest Area,2,121,,68km from Hay and  64km to Balranald,14,STURT HIGHWAY,-34.66417,144.16295,FALSE,FALSE,FALSE,FALSE,FALSE,FALSE,FALSE,FALSE,FALSE,TRUE,FALSE,FALSE,FALSE,TRUE,FALSE,FALSE,FALSE,FALSE,TRUE,LEFT,OPEN,FALSE,0,FALSE,FALSE,BOTH LIGHT AND HEAVY VEHICLES,NONE,RMS
258,Information Bay Junction MR694,2,83,,128km from Hay and  3km to Balranald,14,STURT HIGHWAY,-34.66626,143.56301,TRUE,FALSE,FALSE,FALSE,FALSE,TRUE,FALSE,FALSE,FALSE,TRUE,FALSE,FALSE,FALSE,TRUE,FALSE,FALSE,FALSE,TRUE,TRUE,LEFT,OPEN,FALSE,0,TRUE,TRUE,LIGHT VEHICLES ONLY,NONE,RMS
259,Prungle Mail,2,83,,15km from Balranald and  64km to Euston,14,STURT HIGHWAY,-34.62197,143.40072,TRUE,FALSE,FALSE,FALSE,FALSE,FALSE,FALSE,FALSE,FALSE,TRUE,FALSE,FALSE,FALSE,TRUE,FALSE,FALSE,FALSE,TRUE,TRUE,LEFT,OPEN,FALSE,0,FALSE,TRUE,BOTH LIGHT AND HEAVY VEHICLES,NONE,RMS
260,Abbotts Tank Rest Area,2,83,,53km from Balranald and  26km to Euston,14,STURT HIGHWAY,-34.54093,142.99662,TRUE,FALSE,FALSE,FALSE,FALSE,FALSE,FALSE,FALSE,FALSE,TRUE,FALSE,FALSE,FALSE,TRUE,FALSE,FALSE,FALSE,TRUE,TRUE,RIGHT,OPEN,FALSE,0,FALSE,TRUE,LIGHT VEHICLES ONLY,WATER TRUCK,RMS
261,Meilman East Rest Area,2,84,,59km from Balranald and  21km to Euston,14,STURT HIGHWAY,-34.52903,142.93814,TRUE,FALSE,FALSE,FALSE,FALSE,FALSE,FALSE,FALSE,FALSE,TRUE,FALSE,FALSE,FALSE,TRUE,FALSE,FALSE,FALSE,FALSE,TRUE,LEFT,OPEN,FALSE,2,FALSE,FALSE,BOTH LIGHT AND HEAVY VEHICLES,RAINWATER TANK,RMS
262,Tapalin Rest Area - Westbound,2,84,,10km from Euston and  69km to Mildura (VIC),14,STURT HIGHWAY,-34.53934,142.65282,TRUE,FALSE,FALSE,FALSE,FALSE,FALSE,FALSE,FALSE,FALSE,TRUE,FALSE,FALSE,FALSE,TRUE,FALSE,FALSE,FALSE,FALSE,TRUE,LEFT,,FALSE,0,FALSE,FALSE,BOTH LIGHT AND HEAVY VEHICLES,NONE,RMS
263,Tapalin Rest Area - Eastbound,2,84,,10km from Euston and 69km to Mildura (VIC),14,STURT HIGHWAY,-34.53893,142.65197,FALSE,FALSE,FALSE,FALSE,FALSE,FALSE,FALSE,FALSE,FALSE,TRUE,FALSE,FALSE,FALSE,TRUE,FALSE,FALSE,FALSE,FALSE,TRUE,RIGHT,OPEN,FALSE,0,FALSE,FALSE,BOTH LIGHT AND HEAVY VEHICLES,NONE,RMS
264,Mail Route Rest Area,2,85,,23km from Euston and  55km to Mildura (VIC),14,STURT HIGHWAY,-34.46432,142.54036,TRUE,FALSE,FALSE,FALSE,FALSE,FALSE,FALSE,FALSE,FALSE,TRUE,FALSE,FALSE,FALSE,TRUE,FALSE,FALSE,FALSE,FALSE,TRUE,LEFT,OPEN,FALSE,1,FALSE,FALSE,BOTH LIGHT AND HEAVY VEHICLES,NONE,RMS
265,Mail Route Rest Area,2,85,,23km from Euston and  55km to Mildura (VIC),14,STURT HIGHWAY,-34.4644,142.54049,TRUE,FALSE,FALSE,FALSE,FALSE,FALSE,FALSE,FALSE,FALSE,TRUE,FALSE,FALSE,FALSE,TRUE,FALSE,FALSE,FALSE,TRUE,TRUE,RIGHT,OPEN,FALSE,0,FALSE,TRUE,BOTH LIGHT AND HEAVY VEHICLES,NONE,RMS
266,Mallee Fowl Rest Area,2,85,,38km from Euston and  41km to Mildura (VIC),14,STURT HIGHWAY,-34.39056,142.42704,TRUE,FALSE,FALSE,FALSE,FALSE,FALSE,FALSE,FALSE,FALSE,TRUE,TRUE,FALSE,FALSE,TRUE,FALSE,FALSE,FALSE,TRUE,TRUE,LEFT,OPEN,FALSE,2,FALSE,TRUE,BOTH LIGHT AND HEAVY VEHICLES,WATER TRUCK,RMS
270,Wanganella,2,104,,40km from Deniliquin and  82km to Hay,21,COBB HIGHWAY,-35.21877,144.81657,FALSE,FALSE,FALSE,FALSE,FALSE,FALSE,FALSE,FALSE,FALSE,TRUE,FALSE,FALSE,FALSE,FALSE,FALSE,FALSE,FALSE,FALSE,TRUE,RIGHT,,FALSE,0,FALSE,FALSE,LIGHT VEHICLES ONLY,SOURCE UNKNOWN,RMS
307,Mackay Park,2,102,,20km from Cootamundra and  29km to Young,78,OLYMPIC HIGHWAY,-34.52999,148.16286,TRUE,FALSE,FALSE,FALSE,FALSE,FALSE,FALSE,FALSE,FALSE,TRUE,TRUE,FALSE,FALSE,TRUE,FALSE,FALSE,FALSE,TRUE,TRUE,LEFT,,FALSE,4,FALSE,TRUE,BOTH LIGHT AND HEAVY VEHICLES,TOWN SUPPLY,COUNCIL
316,Appin Rd,2,216,,12km West of Bulli,177,APPIN RD,-34.25499,150.86906,TRUE,FALSE,FALSE,FALSE,FALSE,FALSE,TRUE,FALSE,FALSE,TRUE,FALSE,FALSE,FALSE,TRUE,FALSE,FALSE,FALSE,FALSE,TRUE,LEFT,,FALSE,2,FALSE,FALSE,BOTH LIGHT AND HEAVY VEHICLES,RAINWATER TANK,RMS
320,Truck Parking Area Haul Rd,3,176,,41km South of Goulburn,3,FEDERAL HIGHWAY,-34.9675,149.4018,FALSE,FALSE,FALSE,FALSE,FALSE,FALSE,FALSE,FALSE,FALSE,TRUE,FALSE,FALSE,FALSE,FALSE,FALSE,FALSE,FALSE,FALSE,TRUE,RIGHT,,FALSE,0,FALSE,FALSE,BOTH LIGHT AND HEAVY VEHICLES,NONE,RMS
324,Newton VC Rest Area,2,182,,63km South of Goulburn,3,FEDERAL HIGHWAY,-35.1434,149.33436,TRUE,FALSE,FALSE,FALSE,FALSE,FALSE,FALSE,FALSE,FALSE,TRUE,FALSE,FALSE,FALSE,TRUE,FALSE,FALSE,FALSE,FALSE,TRUE,RIGHT,,FALSE,0,FALSE,FALSE,BOTH LIGHT AND HEAVY VEHICLES,WATER TRUCK,RMS
325,Truck Stopping Area Donnellys,3,182,,66km South of Goulburn,3,FEDERAL HIGHWAY,-35.16559,149.30866,FALSE,FALSE,FALSE,FALSE,FALSE,FALSE,FALSE,FALSE,FALSE,FALSE,FALSE,FALSE,FALSE,FALSE,FALSE,FALSE,FALSE,FALSE,TRUE,RIGHT,,FALSE,0,FALSE,FALSE,BOTH LIGHT AND HEAVY VEHICLES,NONE,RMS
326,Truck Stopping Area Yass River,3,182,,69km South of Goulburn,3,FEDERAL HIGHWAY,-35.17645,149.28437,FALSE,FALSE,FALSE,FALSE,FALSE,FALSE,FALSE,FALSE,FALSE,FALSE,FALSE,FALSE,FALSE,FALSE,FALSE,FALSE,FALSE,FALSE,TRUE,RIGHT,,FALSE,0,FALSE,FALSE,BOTH LIGHT AND HEAVY VEHICLES,NONE,RMS
327,Truck Stopping Area Donnellys N/B,3,182,,24km North of Canberra,3,FEDERAL HIGHWAY,-35.16032,149.31846,FALSE,FALSE,FALSE,FALSE,FALSE,FALSE,FALSE,FALSE,FALSE,FALSE,FALSE,FALSE,FALSE,FALSE,FALSE,FALSE,FALSE,FALSE,TRUE,LEFT,,FALSE,0,FALSE,FALSE,BOTH LIGHT AND HEAVY VEHICLES,NONE,RMS
328,Middleton VC Rest Area,2,182,,26km North of Canberra,3,FEDERAL HIGHWAY,-35.14329,149.33405,TRUE,FALSE,FALSE,FALSE,FALSE,FALSE,FALSE,FALSE,FALSE,TRUE,FALSE,FALSE,FALSE,TRUE,FALSE,FALSE,FALSE,FALSE,TRUE,LEFT,,FALSE,0,FALSE,FALSE,BOTH LIGHT AND HEAVY VEHICLES,WATER TRUCK,RMS
332,Gratwick VC Rest Area,2,176,,56km North of Canberra,3,FEDERAL HIGHWAY,-34.91166,149.44313,TRUE,FALSE,FALSE,FALSE,FALSE,FALSE,FALSE,FALSE,FALSE,TRUE,FALSE,FALSE,FALSE,TRUE,FALSE,FALSE,FALSE,TRUE,TRUE,LEFT,,FALSE,0,FALSE,TRUE,BOTH LIGHT AND HEAVY VEHICLES,WATER TRUCK,RMS
333,Truck Parking Baxters Lane,3,176,,57km North of Canberra,3,FEDERAL HIGHWAY,-34.90293,149.45839,FALSE,FALSE,FALSE,FALSE,FALSE,FALSE,FALSE,FALSE,FALSE,FALSE,FALSE,FALSE,FALSE,FALSE,FALSE,FALSE,FALSE,FALSE,TRUE,LEFT,,FALSE,0,FALSE,FALSE,BOTH LIGHT AND HEAVY VEHICLES,NONE,RMS
359,Bega Lookout S/B,3,158,,5km North of Bega,1,PRINCES HWY,-36.64486,149.82359,TRUE,FALSE,FALSE,FALSE,FALSE,FALSE,FALSE,FALSE,FALSE,TRUE,FALSE,TRUE,FALSE,TRUE,FALSE,FALSE,FALSE,FALSE,TRUE,LEFT,,FALSE,0,FALSE,FALSE,LIGHT VEHICLES ONLY,NONE,COUNCIL
365,Fred Pipers Lookout Brown Mountain,2,159,,15km West of Bemboka,4,SNOWY MOUNTAINS HIGHWAY,-36.59724,149.44439,FALSE,FALSE,FALSE,FALSE,FALSE,FALSE,FALSE,FALSE,FALSE,TRUE,FALSE,FALSE,FALSE,TRUE,FALSE,FALSE,FALSE,FALSE,TRUE,RIGHT,,FALSE,5,FALSE,FALSE,LIGHT VEHICLES ONLY,RAINWATER TANK,RMS
363,Rest Area at Colombo Creek Bemboka,2,159,,35km West of Bega,4,SNOWY MOUNTAINS HIGHWAY,-36.63384,149.57734,FALSE,FALSE,FALSE,FALSE,FALSE,FALSE,FALSE,FALSE,FALSE,TRUE,FALSE,FALSE,FALSE,TRUE,FALSE,FALSE,FALSE,FALSE,TRUE,RIGHT,,FALSE,5,FALSE,FALSE,LIGHT VEHICLES ONLY,NONE,RMS
364,Nunnock River Uncoupling Bay,2,159,,6km West of Bemboka,4,SNOWY MOUNTAINS HIGHWAY,-36.61386,149.50309,TRUE,FALSE,FALSE,FALSE,FALSE,FALSE,FALSE,FALSE,FALSE,TRUE,FALSE,FALSE,FALSE,FALSE,FALSE,FALSE,FALSE,FALSE,TRUE,RIGHT,,FALSE,0,FALSE,FALSE,HEAVY VEHICLES ONLY,NONE,RMS
366,Brown Mtn Coupling Bay W/B,2,159,,17km West of Bemboka,4,SNOWY MOUNTAINS HIGHWAY,-36.60857,149.43212,TRUE,FALSE,FALSE,FALSE,FALSE,FALSE,FALSE,FALSE,FALSE,TRUE,FALSE,FALSE,FALSE,FALSE,FALSE,FALSE,FALSE,FALSE,TRUE,LEFT,,FALSE,0,FALSE,FALSE,HEAVY VEHICLES ONLY,NONE,RMS
367,Brown Mtn Uncoupling Bay E/B,2,159,,17km West of Bemboka,4,SNOWY MOUNTAINS HIGHWAY,-36.6091,149.43192,TRUE,FALSE,FALSE,FALSE,FALSE,FALSE,FALSE,FALSE,FALSE,TRUE,FALSE,FALSE,FALSE,FALSE,FALSE,FALSE,FALSE,TRUE,TRUE,RIGHT,,FALSE,0,FALSE,TRUE,HEAVY VEHICLES ONLY,NONE,RMS
368,Sawyers Hill Kiandra,2,199,,81km West of Cooma,4,SNOWY MOUNTAINS HIGHWAY,-35.89595,148.54046,TRUE,FALSE,FALSE,FALSE,FALSE,FALSE,FALSE,FALSE,FALSE,FALSE,FALSE,FALSE,FALSE,TRUE,FALSE,FALSE,FALSE,FALSE,TRUE,LEFT,,FALSE,1,FALSE,FALSE,BOTH LIGHT AND HEAVY VEHICLES,NONE,NATIONAL PARKS AND WILDLIFE SERVICE
372,Lake Williams Nimmtabel N/B,2,200,,At Nimmitabel,19,BOMBALA ST,-36.51503,149.28211,TRUE,FALSE,TRUE,FALSE,FALSE,FALSE,FALSE,FALSE,FALSE,TRUE,TRUE,FALSE,FALSE,TRUE,FALSE,FALSE,FALSE,TRUE,TRUE,LEFT,,FALSE,4,FALSE,TRUE,BOTH LIGHT AND HEAVY VEHICLES,TOWN SUPPLY,COUNCIL
381,Parking Area Top of Mt Ousley E/B,3,216,,8km West of Wollongong,95,MT OUSLEY ROAD,-34.37434,150.86121,TRUE,FALSE,FALSE,FALSE,FALSE,FALSE,TRUE,FALSE,FALSE,FALSE,TRUE,FALSE,FALSE,FALSE,FALSE,FALSE,FALSE,FALSE,TRUE,RIGHT,,FALSE,0,FALSE,FALSE,BOTH LIGHT AND HEAVY VEHICLES,NONE,RMS
382,Truck Parking near Georges River Appin,3,214,,20km West of Bulli,177,APPIN RD,-34.21704,150.80442,TRUE,FALSE,FALSE,FALSE,FALSE,FALSE,FALSE,FALSE,FALSE,FALSE,FALSE,FALSE,FALSE,FALSE,FALSE,FALSE,FALSE,FALSE,TRUE,LEFT,,FALSE,0,FALSE,FALSE,HEAVY VEHICLES ONLY,NONE,RMS
385,Little Thredbo River Rest Area W/B,2,199,,9km West of Jindabyne,286,KOSCIUSZKO ROAD,-36.36932,148.58909,TRUE,FALSE,TRUE,FALSE,FALSE,FALSE,FALSE,FALSE,FALSE,FALSE,TRUE,FALSE,FALSE,TRUE,FALSE,FALSE,FALSE,TRUE,TRUE,LEFT,,FALSE,5,FALSE,TRUE,LIGHT VEHICLES ONLY,TOWN SUPPLY,NATIONAL PARKS AND WILDLIFE SERVICE
386,Sawpit Rest Area,2,199,,15km West of Jindabyne,286,KOSCIUSZKO ROAD,-36.35067,148.56359,TRUE,FALSE,FALSE,FALSE,FALSE,FALSE,FALSE,FALSE,FALSE,FALSE,FALSE,FALSE,FALSE,TRUE,FALSE,FALSE,FALSE,FALSE,TRUE,LEFT,,FALSE,1,FALSE,FALSE,LIGHT VEHICLES ONLY,NONE,NATIONAL PARKS AND WILDLIFE SERVICE
387,Spencers Creek,2,199,,38km West of Jindabyne,286,KOSCIUSZKO ROAD,-36.42913,148.36006,TRUE,FALSE,FALSE,FALSE,FALSE,FALSE,FALSE,FALSE,FALSE,FALSE,FALSE,FALSE,FALSE,TRUE,FALSE,FALSE,FALSE,FALSE,TRUE,RIGHT,,FALSE,0,FALSE,FALSE,LIGHT VEHICLES ONLY,NONE,NATIONAL PARKS AND WILDLIFE SERVICE
391,Information Bay Skitube Park Entrance,3,199,,20km South of Jindabyne,677,ALPINE WAY,-36.44947,148.44413,TRUE,FALSE,FALSE,FALSE,FALSE,FALSE,FALSE,FALSE,FALSE,FALSE,FALSE,FALSE,FALSE,FALSE,FALSE,FALSE,FALSE,TRUE,TRUE,LEFT,,FALSE,0,FALSE,TRUE,BOTH LIGHT AND HEAVY VEHICLES,NONE,NATIONAL PARKS AND WILDLIFE SERVICE
392,Thredbo Diggings,3,199,,22km South of Jindabyne,677,ALPINE WAY,-36.45058,148.42309,TRUE,FALSE,FALSE,FALSE,FALSE,FALSE,FALSE,FALSE,FALSE,FALSE,FALSE,FALSE,FALSE,TRUE,FALSE,FALSE,FALSE,TRUE,TRUE,RIGHT,,FALSE,2,FALSE,TRUE,LIGHT VEHICLES ONLY,NONE,NATIONAL PARKS AND WILDLIFE SERVICE
393,Ngarigo Rest Area,2,199,,26km South of Jindabyne,677,ALPINE WAY,-36.45818,148.38706,TRUE,FALSE,FALSE,FALSE,FALSE,FALSE,FALSE,FALSE,FALSE,FALSE,FALSE,FALSE,FALSE,TRUE,FALSE,FALSE,FALSE,FALSE,TRUE,RIGHT,,FALSE,1,FALSE,FALSE,LIGHT VEHICLES ONLY,NONE,NATIONAL PARKS AND WILDLIFE SERVICE
395,3.5km North of Thredbo,3,199,,31km South of Jindabyne,677,ALPINE WAY,-36.4832,148.34665,TRUE,FALSE,FALSE,FALSE,FALSE,FALSE,FALSE,FALSE,FALSE,FALSE,FALSE,FALSE,FALSE,TRUE,FALSE,FALSE,FALSE,FALSE,TRUE,LEFT,,FALSE,0,FALSE,FALSE,LIGHT VEHICLES ONLY,NONE,NATIONAL PARKS AND WILDLIFE SERVICE
396,Cascades Information Bay,3,199,,5km South of Thredbo,677,ALPINE WAY,-36.52287,148.26225,TRUE,FALSE,FALSE,FALSE,FALSE,FALSE,FALSE,FALSE,FALSE,FALSE,FALSE,FALSE,FALSE,FALSE,FALSE,FALSE,FALSE,TRUE,TRUE,LEFT,,FALSE,0,FALSE,TRUE,BOTH LIGHT AND HEAVY VEHICLES,NONE,NATIONAL PARKS AND WILDLIFE SERVICE
453,White Gate Rest Area.,2,136,,31km from Tumbarumba and  38km to Tumut,85,BATLOW RD,-35.53283,148.09968,FALSE,FALSE,FALSE,FALSE,FALSE,FALSE,FALSE,FALSE,FALSE,TRUE,FALSE,FALSE,FALSE,TRUE,FALSE,FALSE,FALSE,TRUE,TRUE,LEFT,,FALSE,0,FALSE,TRUE,LIGHT VEHICLES ONLY,NONE,OTHER
455,Reedy Creek Rest Area,2,136,,38km from Tumbarumba and  31km to Tumut,85,BATLOW RD,-35.51659,148.14536,FALSE,FALSE,FALSE,FALSE,FALSE,FALSE,TRUE,FALSE,FALSE,TRUE,FALSE,FALSE,FALSE,TRUE,FALSE,FALSE,FALSE,FALSE,TRUE,LEFT,,FALSE,0,FALSE,FALSE,LIGHT VEHICLES ONLY,NONE,OTHER
509,Paddys Rest,2,46,,38.6km North of Kempsey,10,PACIFIC HIGHWAY,-30.8133,152.871,FALSE,FALSE,FALSE,FALSE,FALSE,FALSE,FALSE,FALSE,FALSE,TRUE,FALSE,FALSE,FALSE,TRUE,TRUE,FALSE,FALSE,TRUE,TRUE,LEFT,OPEN,FALSE,3,TRUE,TRUE,LIGHT VEHICLES ONLY,RAINWATER TANK,RMS
529,Wardell Southbound,2,6,,115.1km North of Grafton,10,PACIFIC HIGHWAY,-28.93565,153.47184,TRUE,FALSE,FALSE,FALSE,FALSE,FALSE,FALSE,FALSE,FALSE,TRUE,FALSE,FALSE,FALSE,TRUE,FALSE,FALSE,FALSE,FALSE,TRUE,RIGHT,OPEN,FALSE,2,FALSE,FALSE,BOTH LIGHT AND HEAVY VEHICLES,RAINWATER TANK,RMS
530,Wardell Northbound,2,6,,115.3km North of Grafton,10,PACIFIC HIGHWAY,-28.93424,153.47228,TRUE,FALSE,FALSE,FALSE,FALSE,FALSE,FALSE,FALSE,FALSE,TRUE,FALSE,FALSE,FALSE,TRUE,FALSE,FALSE,FALSE,FALSE,TRUE,LEFT,OPEN,FALSE,2,FALSE,FALSE,BOTH LIGHT AND HEAVY VEHICLES,RAINWATER TANK,RMS
541,McPhillips Creek - Bom Bom,2,14,,74.7km North of Coffs Harbour,10,PACIFIC HIGHWAY,-29.74317,152.99103,TRUE,FALSE,FALSE,FALSE,FALSE,FALSE,FALSE,FALSE,FALSE,TRUE,TRUE,FALSE,FALSE,TRUE,FALSE,FALSE,FALSE,TRUE,TRUE,RIGHT,OPEN,FALSE,2,FALSE,TRUE,BOTH LIGHT AND HEAVY VEHICLES,RAINWATER TANK,RMS
546,New Italy,2,54,,82km North of Grafton,10,PACIFIC HIGHWAY,-29.15377,153.2987,FALSE,FALSE,FALSE,FALSE,FALSE,FALSE,FALSE,FALSE,FALSE,TRUE,FALSE,FALSE,FALSE,TRUE,FALSE,FALSE,FALSE,TRUE,TRUE,LEFT,,FALSE,1,FALSE,TRUE,LIGHT VEHICLES ONLY,NONE,OTHER
552,Tyagarah,2,13,,36.2km North of Ballina,10,PACIFIC HIGHWAY - TYAGARAH,-28.59784,153.54471,FALSE,FALSE,FALSE,FALSE,FALSE,FALSE,FALSE,FALSE,FALSE,TRUE,FALSE,FALSE,FALSE,TRUE,TRUE,FALSE,FALSE,TRUE,TRUE,LEFT,OPEN,FALSE,2,FALSE,TRUE,BOTH LIGHT AND HEAVY VEHICLES,RAINWATER TANK,RMS
554,Sleepy Hollow Northbound,2,12,,58.2km North of Ballina,10,PACIFIC HIGHWAY,-28.42383,153.52032,TRUE,FALSE,FALSE,FALSE,FALSE,FALSE,FALSE,FALSE,FALSE,TRUE,TRUE,FALSE,FALSE,TRUE,TRUE,FALSE,FALSE,TRUE,TRUE,LEFT,OPEN,FALSE,3,FALSE,TRUE,BOTH LIGHT AND HEAVY VEHICLES,RAINWATER TANK,RMS
555,Sleepy Hollow Southbound,2,12,,59.3km North of Ballina,10,PACIFIC HIGHWAY,-28.41424,153.52543,TRUE,FALSE,FALSE,FALSE,FALSE,FALSE,FALSE,FALSE,FALSE,TRUE,TRUE,FALSE,FALSE,TRUE,TRUE,FALSE,FALSE,TRUE,TRUE,RIGHT,OPEN,FALSE,3,FALSE,TRUE,BOTH LIGHT AND HEAVY VEHICLES,RAINWATER TANK,RMS
576,Whiporie,2,55,,50.7km North of Grafton,83,SUMMERLAND WAY,-29.30864,152.99695,FALSE,FALSE,FALSE,FALSE,FALSE,FALSE,FALSE,FALSE,FALSE,TRUE,FALSE,FALSE,FALSE,FALSE,FALSE,FALSE,FALSE,FALSE,TRUE,RIGHT,OPEN,FALSE,1,FALSE,FALSE,BOTH LIGHT AND HEAVY VEHICLES,RAINWATER TANK,RMS
579,Braemar Park,2,53,,75.8km North of Grafton,83,SUMMERLAND WAY,-29.08809,153.00179,FALSE,FALSE,FALSE,FALSE,FALSE,FALSE,FALSE,FALSE,FALSE,TRUE,FALSE,FALSE,FALSE,TRUE,FALSE,FALSE,FALSE,TRUE,TRUE,RIGHT,OPEN,FALSE,1,FALSE,TRUE,LIGHT VEHICLES ONLY,RAINWATER TANK,RMS
581,Dubbo Zoo Town Information Bay,2,309,,3.25km South of Dubbo (SH7),17,NEWELL HIGHWAY,-32.27233,148.57733,FALSE,FALSE,FALSE,FALSE,FALSE,FALSE,FALSE,FALSE,FALSE,TRUE,TRUE,FALSE,FALSE,TRUE,FALSE,FALSE,FALSE,TRUE,TRUE,LEFT,,FALSE,0,FALSE,TRUE,BOTH LIGHT AND HEAVY VEHICLES,NONE,COUNCIL
593,Heffrons Lookout,2,57,,79.4km North of Grafton,12,GWYDIR HIGHWAY,-29.45025,152.36809,FALSE,FALSE,FALSE,FALSE,FALSE,FALSE,FALSE,FALSE,FALSE,TRUE,FALSE,TRUE,FALSE,FALSE,FALSE,FALSE,FALSE,FALSE,TRUE,LEFT,OPEN,FALSE,1,FALSE,FALSE,LIGHT VEHICLES ONLY,RAINWATER TANK,RMS
600,Beardy Waters Woodlands,2,61,,152.4km West of Grafton,12,GWYDIR HIGHWAY,-29.72621,151.78989,FALSE,FALSE,FALSE,FALSE,FALSE,FALSE,FALSE,FALSE,FALSE,TRUE,FALSE,FALSE,FALSE,TRUE,FALSE,FALSE,FALSE,FALSE,TRUE,LEFT,,FALSE,1,FALSE,FALSE,LIGHT VEHICLES ONLY,NONE,COUNCIL
613,Sandilands,2,40,,45.9km North of Casino,16,BRUXNER HIGHWAY,-28.90087,152.65415,TRUE,FALSE,FALSE,FALSE,FALSE,FALSE,FALSE,FALSE,FALSE,TRUE,FALSE,FALSE,FALSE,TRUE,FALSE,FALSE,FALSE,TRUE,TRUE,RIGHT,OPEN,FALSE,1,FALSE,TRUE,LIGHT VEHICLES ONLY,RAINWATER TANK,RMS
614,Bonalbo Road Westbound,3,40,,45km West of Casino,16,BRUXNER HIGHWAY,-28.90098,152.65361,FALSE,FALSE,FALSE,FALSE,FALSE,FALSE,FALSE,FALSE,FALSE,FALSE,FALSE,FALSE,FALSE,FALSE,FALSE,FALSE,FALSE,FALSE,TRUE,LEFT,,FALSE,0,FALSE,FALSE,HEAVY VEHICLES ONLY,NONE,RMS
615,Bonalbo Road Eastbound,3,40,,45km West of Casino,16,BRUXNER HIGHWAY,-28.90078,152.65355,FALSE,FALSE,FALSE,FALSE,FALSE,FALSE,FALSE,FALSE,FALSE,FALSE,FALSE,FALSE,FALSE,FALSE,FALSE,FALSE,FALSE,TRUE,TRUE,RIGHT,,FALSE,0,FALSE,TRUE,HEAVY VEHICLES ONLY,NONE,RMS
630,Rotary/Lions Park - Tamworth,2,66,,2.0km North of Tamworth,9,ARMIDALE ROAD,-31.10842,150.95408,TRUE,FALSE,TRUE,FALSE,TRUE,FALSE,TRUE,FALSE,FALSE,TRUE,FALSE,FALSE,FALSE,TRUE,FALSE,FALSE,FALSE,TRUE,TRUE,RIGHT,,FALSE,2,FALSE,TRUE,LIGHT VEHICLES ONLY,RAINWATER TANK,OTHER
631,Mount Seaview,2,50,,58.4km West of Wauchope,11,OXLEY HIGHWAY,-31.40359,152.25535,TRUE,FALSE,FALSE,FALSE,FALSE,FALSE,FALSE,FALSE,FALSE,TRUE,FALSE,FALSE,FALSE,TRUE,FALSE,FALSE,FALSE,FALSE,TRUE,RIGHT,OPEN,FALSE,0,FALSE,FALSE,LIGHT VEHICLES ONLY,NONE,RMS
636,Stockyard Creek,2,49,,80.4km West of Wauchope,11,OXLEY HIGHWAY,-31.40262,152.12402,TRUE,FALSE,FALSE,FALSE,FALSE,FALSE,FALSE,FALSE,FALSE,TRUE,FALSE,FALSE,FALSE,TRUE,FALSE,FALSE,FALSE,FALSE,TRUE,LEFT,OPEN,FALSE,2,FALSE,FALSE,LIGHT VEHICLES ONLY,RAINWATER TANK,RMS
637,Gingers Creek,2,50,,82.4km West of Wauchope,11,OXLEY HIGHWAY,-31.39916,152.10856,TRUE,FALSE,FALSE,FALSE,FALSE,FALSE,FALSE,FALSE,FALSE,TRUE,FALSE,FALSE,FALSE,TRUE,FALSE,FALSE,FALSE,FALSE,TRUE,RIGHT,OPEN,FALSE,0,FALSE,FALSE,BOTH LIGHT AND HEAVY VEHICLES,NONE,RMS
643,Boat Ramp-Brewarrina,3,270,,Brewarrina-East,29,KAMILAROI HIGHWAY,-29.94817,146.86335,FALSE,FALSE,FALSE,FALSE,FALSE,FALSE,FALSE,FALSE,FALSE,TRUE,FALSE,FALSE,FALSE,FALSE,FALSE,FALSE,FALSE,FALSE,TRUE,LEFT,,FALSE,0,FALSE,FALSE,LIGHT VEHICLES ONLY,NONE,OTHER
646,No Name,3,270,,7.1km East of Brewarrina Bridge,29,KAMILAROI HIGHWAY,-29.91588,146.92693,FALSE,FALSE,FALSE,FALSE,FALSE,FALSE,FALSE,FALSE,FALSE,TRUE,FALSE,FALSE,FALSE,FALSE,FALSE,FALSE,FALSE,FALSE,TRUE,RIGHT,,FALSE,0,FALSE,FALSE,HEAVY VEHICLES ONLY,NONE,RMS
658,Blue Vale Road,3,24,,30.8km South of Boggabri,29,KAMILAROI HIGHWAY,-30.935,150.2005,FALSE,FALSE,FALSE,FALSE,FALSE,FALSE,FALSE,FALSE,FALSE,TRUE,FALSE,FALSE,FALSE,FALSE,FALSE,FALSE,FALSE,FALSE,TRUE,RIGHT,,FALSE,0,FALSE,FALSE,HEAVY VEHICLES ONLY,NONE,RMS
667,Lions Park,2,69,,38.3km North of Tamworth,63,TAMWORTH-YETMAN RD,-30.8042,150.75324,FALSE,FALSE,FALSE,FALSE,FALSE,FALSE,FALSE,FALSE,FALSE,TRUE,FALSE,FALSE,FALSE,TRUE,FALSE,FALSE,FALSE,FALSE,TRUE,LEFT,,FALSE,1,FALSE,FALSE,LIGHT VEHICLES ONLY,RAINWATER TANK,COUNCIL
669,Lions Park - Barraba,2,72,,40.3km North of Tamworth (3.2km South of Barraba),63,TAMWORTH-YETMAN RD,-30.42085,150.6163,FALSE,FALSE,FALSE,FALSE,FALSE,FALSE,FALSE,FALSE,FALSE,TRUE,TRUE,FALSE,FALSE,TRUE,TRUE,FALSE,FALSE,FALSE,TRUE,RIGHT,,FALSE,2,FALSE,FALSE,BOTH LIGHT AND HEAVY VEHICLES,RAINWATER TANK,COUNCIL
679,Tarrion Creek Rest Area,2,270,,9.4km South of Brewarrina,70,COOLABAH-BREWARRINA RD,-30.04217,146.86764,TRUE,FALSE,FALSE,FALSE,FALSE,FALSE,FALSE,FALSE,FALSE,TRUE,FALSE,FALSE,FALSE,TRUE,FALSE,FALSE,FALSE,TRUE,TRUE,LEFT,,FALSE,0,FALSE,TRUE,LIGHT VEHICLES ONLY,WATER TRUCK,RMS
694,Lollback,2,18,IN JACKADGERY AT MANN RIVER,42.3km West of Grafton,12,GWYDIR HIGHWAY,-29.57741,152.5574,TRUE,FALSE,FALSE,FALSE,FALSE,FALSE,FALSE,FALSE,FALSE,TRUE,FALSE,FALSE,FALSE,TRUE,FALSE,FALSE,FALSE,TRUE,TRUE,LEFT,OPEN,FALSE,1,TRUE,TRUE,LIGHT VEHICLES ONLY,NONE,RMS
703,Rotary Park,2,99,,41km from Junee and 11km to Cootamundra,78,OLYMPIC HIGHWAY,-34.7025,147.94161,FALSE,FALSE,FALSE,FALSE,FALSE,FALSE,FALSE,FALSE,FALSE,TRUE,FALSE,FALSE,FALSE,TRUE,FALSE,FALSE,FALSE,TRUE,TRUE,RIGHT,,FALSE,2,FALSE,TRUE,LIGHT VEHICLES ONLY,WATER TRUCK,OTHER
713,Sinclair Lookout,2,60,,14.9km West of Glen Innes,12,GWYDIR HIGHWAY,-29.72654,151.59919,FALSE,FALSE,FALSE,FALSE,FALSE,FALSE,FALSE,FALSE,FALSE,TRUE,FALSE,TRUE,FALSE,TRUE,FALSE,FALSE,FALSE,FALSE,TRUE,LEFT,OPEN,FALSE,1,FALSE,FALSE,LIGHT VEHICLES ONLY,RAINWATER TANK,RMS
714,Swan Brook,2,35,,33.7km West of Glen Innes,12,GWYDIR HIGHWAY,-29.77168,151.4358,TRUE,FALSE,FALSE,FALSE,FALSE,FALSE,FALSE,FALSE,FALSE,TRUE,FALSE,FALSE,FALSE,TRUE,FALSE,FALSE,FALSE,FALSE,TRUE,LEFT,OPEN,FALSE,1,FALSE,FALSE,LIGHT VEHICLES ONLY,NONE,RMS
715,Schumachers westbound,2,32,,46.49km West of Glenn Innes,12,GWYDIR HIGHWAY,-29.78941,151.30834,FALSE,FALSE,FALSE,FALSE,FALSE,FALSE,FALSE,FALSE,FALSE,TRUE,FALSE,FALSE,FALSE,TRUE,FALSE,FALSE,FALSE,TRUE,TRUE,RIGHT,OPEN,FALSE,0,FALSE,TRUE,BOTH LIGHT AND HEAVY VEHICLES,NONE,RMS
716,Schumachers eastbound,2,32,,46.9km West of Glenn Innes,12,GWYDIR HIGHWAY,-29.7918,151.30492,FALSE,FALSE,FALSE,FALSE,FALSE,FALSE,FALSE,FALSE,FALSE,TRUE,FALSE,FALSE,FALSE,TRUE,FALSE,FALSE,FALSE,FALSE,TRUE,LEFT,OPEN,FALSE,0,FALSE,FALSE,BOTH LIGHT AND HEAVY VEHICLES,NONE,RMS
717,Lauriston,2,33,,59.1km West of Glenn Innes,12,GWYDIR HIGHWAY,-29.7735,151.18851,FALSE,FALSE,FALSE,FALSE,FALSE,FALSE,FALSE,FALSE,FALSE,TRUE,FALSE,FALSE,FALSE,TRUE,FALSE,FALSE,FALSE,FALSE,TRUE,RIGHT,OPEN,FALSE,0,FALSE,FALSE,LIGHT VEHICLES ONLY,NONE,RMS
767,Daroobalgie Site,5,314,,19.5km South of Parkes,17,NEWELL HIGHWAY,-33.32421,148.06686,FALSE,FALSE,FALSE,FALSE,FALSE,FALSE,FALSE,FALSE,FALSE,TRUE,TRUE,FALSE,FALSE,FALSE,FALSE,FALSE,FALSE,FALSE,TRUE,RIGHT,,FALSE,0,FALSE,FALSE,HEAVY VEHICLES ONLY,NONE,RMS
768,Daroobalgie Site,2,314,,19.5km South of Parkes,17,NEWELL HIGHWAY,-33.32319,148.0612,TRUE,FALSE,FALSE,FALSE,FALSE,FALSE,FALSE,FALSE,FALSE,TRUE,TRUE,FALSE,FALSE,TRUE,FALSE,FALSE,FALSE,TRUE,TRUE,LEFT,,FALSE,1,FALSE,TRUE,BOTH LIGHT AND HEAVY VEHICLES,WATER TRUCK,RMS
771,Forbes Apex Park,2,314,,Apex Park at Lake Forbes,17,WEST WYALONG RD,-33.38894,148.00821,FALSE,FALSE,FALSE,FALSE,FALSE,FALSE,FALSE,FALSE,FALSE,TRUE,FALSE,FALSE,FALSE,TRUE,FALSE,FALSE,FALSE,TRUE,TRUE,RIGHT,,FALSE,0,FALSE,TRUE,LIGHT VEHICLES ONLY,NONE,COUNCIL
781,Marsden Rest Area-South Bound,2,86,,36km from West Wyalong and  68km to Forbes,17,NEWELL HIGHWAY,-33.76415,147.51929,TRUE,FALSE,FALSE,FALSE,FALSE,FALSE,FALSE,FALSE,FALSE,TRUE,FALSE,FALSE,FALSE,TRUE,FALSE,FALSE,FALSE,TRUE,TRUE,RIGHT,,FALSE,2,FALSE,TRUE,BOTH LIGHT AND HEAVY VEHICLES,OTHER,RMS
782,Marsden Rest Area-North Bound,2,86,,36km from West Wyalong and  69km to Forbes,17,NEWELL HIGHWAY,-33.76661,147.51693,TRUE,FALSE,FALSE,FALSE,FALSE,FALSE,FALSE,FALSE,FALSE,TRUE,FALSE,FALSE,FALSE,TRUE,FALSE,FALSE,FALSE,TRUE,TRUE,LEFT,,FALSE,2,FALSE,TRUE,BOTH LIGHT AND HEAVY VEHICLES,SOURCE UNKNOWN,RMS
784,Back Creek - North Bound,3,86,,19km from West Wyalong and  86km to Forbes,17,NEWELL HIGHWAY,-33.85606,147.37711,FALSE,FALSE,FALSE,FALSE,FALSE,FALSE,FALSE,FALSE,FALSE,TRUE,FALSE,FALSE,FALSE,FALSE,FALSE,FALSE,FALSE,FALSE,TRUE,LEFT,,FALSE,0,FALSE,FALSE,BOTH LIGHT AND HEAVY VEHICLES,NONE,RMS
785,Five Mile Rest Area-South Bound,5,91,,7km from West Wyalong and  97km to Forbes,17,NEWELL HIGHWAY,-33.91563,147.27803,FALSE,FALSE,FALSE,FALSE,FALSE,FALSE,FALSE,FALSE,FALSE,TRUE,TRUE,FALSE,FALSE,FALSE,FALSE,TRUE,TRUE,FALSE,TRUE,RIGHT,,FALSE,0,FALSE,FALSE,BOTH LIGHT AND HEAVY VEHICLES,NONE,RMS
786,Five Mile Rest Area-North Bound,5,91,,7km from West Wyalong and  97km to Forbes,17,NEWELL HIGHWAY,-33.91541,147.2777,FALSE,FALSE,FALSE,FALSE,FALSE,FALSE,FALSE,FALSE,FALSE,TRUE,TRUE,FALSE,FALSE,FALSE,FALSE,TRUE,TRUE,FALSE,TRUE,LEFT,,FALSE,0,FALSE,FALSE,BOTH LIGHT AND HEAVY VEHICLES,NONE,RMS
882,North Roundabout - Armidale,5,1,,7.4km North of Armidale,9,NEW ENGLAND HIGHWAY,-30.48913,151.67448,FALSE,FALSE,FALSE,FALSE,FALSE,FALSE,FALSE,FALSE,FALSE,TRUE,TRUE,FALSE,FALSE,FALSE,FALSE,FALSE,FALSE,FALSE,TRUE,LEFT,,FALSE,0,FALSE,FALSE,HEAVY VEHICLES ONLY,NONE,RMS
883,Lions Park - West Armidale,2,1,,4.8km North of Armidale,9,NEW ENGLAND HIGHWAY,-30.49351,151.65104,FALSE,FALSE,FALSE,FALSE,FALSE,FALSE,FALSE,FALSE,FALSE,TRUE,FALSE,FALSE,FALSE,TRUE,FALSE,FALSE,FALSE,FALSE,TRUE,LEFT,,FALSE,0,FALSE,FALSE,LIGHT VEHICLES ONLY,NONE,OTHER
889,Mt.Pleasant Rest Area,2,317,,28.6km North of Gilgrandra,17,NEWELL HIGHWAY,-31.51721,148.82825,TRUE,FALSE,FALSE,FALSE,FALSE,FALSE,FALSE,FALSE,FALSE,TRUE,FALSE,FALSE,FALSE,TRUE,FALSE,FALSE,FALSE,TRUE,TRUE,RIGHT,,FALSE,0,FALSE,TRUE,BOTH LIGHT AND HEAVY VEHICLES,NONE,RMS
890,Biddon Rest Area S/B,2,317,,21.9km North of Gilgrandra,17,NEWELL HIGHWAY,-31.56395,148.79495,TRUE,FALSE,FALSE,FALSE,FALSE,FALSE,FALSE,FALSE,FALSE,TRUE,FALSE,FALSE,FALSE,TRUE,FALSE,FALSE,FALSE,TRUE,TRUE,RIGHT,,FALSE,0,FALSE,TRUE,BOTH LIGHT AND HEAVY VEHICLES,NONE,RMS
891,Biddon Rest Area N/B,2,317,,21.9km North of Gilgrandra,17,NEWELL HIGHWAY,-31.5637,148.79487,TRUE,FALSE,FALSE,FALSE,FALSE,FALSE,FALSE,FALSE,FALSE,TRUE,FALSE,FALSE,FALSE,TRUE,FALSE,FALSE,FALSE,TRUE,TRUE,LEFT,,FALSE,0,FALSE,TRUE,BOTH LIGHT AND HEAVY VEHICLES,NONE,RMS
892,Bulga Creek Rest Area,2,317,,15.8km North of Gilgrandra,17,NEWELL HIGHWAY,-31.60706,148.75496,TRUE,FALSE,FALSE,FALSE,FALSE,FALSE,FALSE,FALSE,FALSE,TRUE,FALSE,FALSE,FALSE,TRUE,FALSE,FALSE,FALSE,TRUE,TRUE,LEFT,,FALSE,0,FALSE,TRUE,BOTH LIGHT AND HEAVY VEHICLES,NONE,RMS
894,Sandy Creek Rest Area,3,317,,12.3km North of Gilgrandra,17,NEWELL HIGHWAY,-31.63243,148.73436,FALSE,FALSE,FALSE,FALSE,FALSE,FALSE,FALSE,FALSE,FALSE,TRUE,FALSE,FALSE,FALSE,FALSE,FALSE,FALSE,FALSE,FALSE,TRUE,RIGHT,,FALSE,0,FALSE,FALSE,BOTH LIGHT AND HEAVY VEHICLES,NONE,RMS
906,Dubbo Tourist Information Centre,2,309,,Cnr Macquarie and Erskine St (Newell Hwy),17,ERSKINE ST,-32.24338,148.60174,FALSE,FALSE,FALSE,FALSE,FALSE,FALSE,TRUE,FALSE,FALSE,TRUE,FALSE,FALSE,FALSE,TRUE,FALSE,FALSE,FALSE,TRUE,TRUE,RIGHT,,FALSE,0,FALSE,TRUE,LIGHT VEHICLES ONLY,TOWN SUPPLY,COUNCIL
907,16 Mile Gums,2,118,,96km from Deniliquin and  27km to Hay,21,COBB HIGHWAY,-34.74151,144.7918,FALSE,FALSE,FALSE,FALSE,FALSE,FALSE,FALSE,FALSE,FALSE,TRUE,FALSE,FALSE,FALSE,FALSE,FALSE,FALSE,FALSE,FALSE,TRUE,LEFT,,FALSE,0,FALSE,FALSE,BOTH LIGHT AND HEAVY VEHICLES,NONE,RMS
909,The Black Swamp,3,104,,60km from Deniliquin and  62km to Hay,21,COBB HIGHWAY,-35.05359,144.77904,FALSE,FALSE,FALSE,FALSE,FALSE,FALSE,FALSE,FALSE,FALSE,TRUE,FALSE,FALSE,FALSE,FALSE,FALSE,FALSE,FALSE,FALSE,TRUE,LEFT,,FALSE,0,FALSE,FALSE,HEAVY VEHICLES ONLY,NONE,RMS
911,Holmwood,3,103,,12km from Deniliquin and 110km to Hay,21,COBB HIGHWAY,-35.44287,144.91747,FALSE,FALSE,FALSE,FALSE,FALSE,FALSE,FALSE,FALSE,FALSE,TRUE,FALSE,FALSE,FALSE,FALSE,FALSE,FALSE,FALSE,FALSE,TRUE,LEFT,,FALSE,0,FALSE,FALSE,BOTH LIGHT AND HEAVY VEHICLES,NONE,RMS
912,Halls,3,130,,4km from Echuca (VIC) and  72km to Deniliquin,21,COBB HIGHWAY,-36.09131,144.75122,FALSE,FALSE,FALSE,FALSE,FALSE,FALSE,FALSE,FALSE,FALSE,TRUE,FALSE,FALSE,FALSE,FALSE,FALSE,FALSE,FALSE,FALSE,TRUE,LEFT,,FALSE,0,FALSE,FALSE,BOTH LIGHT AND HEAVY VEHICLES,NONE,RMS
913,Halls,3,130,,5km from Echuca (VIC) and  72km to Deniliquin,21,COBB HIGHWAY,-36.08888,144.75014,FALSE,FALSE,FALSE,FALSE,FALSE,FALSE,FALSE,FALSE,FALSE,TRUE,FALSE,FALSE,FALSE,FALSE,FALSE,FALSE,FALSE,FALSE,TRUE,RIGHT,,FALSE,0,FALSE,FALSE,BOTH LIGHT AND HEAVY VEHICLES,NONE,RMS
947,Sutton Park,2,228,,30.29km from Lithgow,5,GREAT WESTERN HWY,-33.64643,150.28419,FALSE,FALSE,FALSE,FALSE,FALSE,FALSE,FALSE,FALSE,FALSE,TRUE,FALSE,FALSE,FALSE,FALSE,FALSE,FALSE,FALSE,FALSE,TRUE,RIGHT,,FALSE,0,FALSE,FALSE,BOTH LIGHT AND HEAVY VEHICLES,NONE,COUNCIL
948,Neates Park,2,228,,29.1km from Lithgow,5,GREAT WESTERN HWY,-33.63709,150.28501,FALSE,FALSE,FALSE,FALSE,FALSE,FALSE,FALSE,FALSE,FALSE,TRUE,FALSE,FALSE,FALSE,FALSE,FALSE,FALSE,FALSE,FALSE,TRUE,LEFT,,FALSE,0,FALSE,FALSE,BOTH LIGHT AND HEAVY VEHICLES,NONE,COUNCIL
951,Mt. Boyce,2,228,,25.19km from Lithgow,5,GREAT WESTERN HWY,-33.60723,150.27036,FALSE,FALSE,FALSE,FALSE,FALSE,FALSE,FALSE,FALSE,FALSE,FALSE,TRUE,FALSE,FALSE,FALSE,FALSE,FALSE,FALSE,FALSE,TRUE,RIGHT,,FALSE,2,FALSE,FALSE,BOTH LIGHT AND HEAVY VEHICLES,NONE,RMS
963,Sapling Creek,2,31,,66.5km North of Taree,10,PACIFIC HIGHWAY,-31.53284,152.7885,FALSE,FALSE,FALSE,FALSE,FALSE,FALSE,FALSE,FALSE,FALSE,TRUE,FALSE,FALSE,FALSE,TRUE,FALSE,FALSE,FALSE,FALSE,TRUE,LEFT,OPEN,FALSE,1,FALSE,FALSE,BOTH LIGHT AND HEAVY VEHICLES,TOWN SUPPLY,RMS
974,Gara River,2,4,,110.9km West of Dorrigo,76,WATERFALL WAY,-30.5441,151.79453,FALSE,FALSE,FALSE,FALSE,FALSE,FALSE,FALSE,FALSE,FALSE,TRUE,FALSE,FALSE,FALSE,TRUE,FALSE,FALSE,FALSE,FALSE,TRUE,RIGHT,OPEN,FALSE,1,FALSE,FALSE,LIGHT VEHICLES ONLY,NONE,RMS
977,Dingo Fence,2,5,,74.1km West of Dorrigo,76,WATERFALL WAY,-30.50249,152.14524,FALSE,FALSE,FALSE,FALSE,FALSE,FALSE,FALSE,FALSE,FALSE,TRUE,FALSE,FALSE,FALSE,FALSE,FALSE,FALSE,FALSE,FALSE,TRUE,LEFT,OPEN,FALSE,0,FALSE,FALSE,LIGHT VEHICLES ONLY,NONE,RMS
980,Oakey Creek,2,5,,62.3km West of Dorrigo,76,WATERFALL WAY,-30.50027,152.25331,FALSE,FALSE,FALSE,FALSE,FALSE,FALSE,FALSE,FALSE,FALSE,TRUE,FALSE,FALSE,FALSE,TRUE,FALSE,FALSE,FALSE,FALSE,TRUE,LEFT,OPEN,FALSE,0,FALSE,FALSE,LIGHT VEHICLES ONLY,NONE,RMS
982,Snowy Range,3,2,,50.3km West of Dorrigo,76,WATERFALL WAY,-30.42511,152.32438,FALSE,FALSE,FALSE,FALSE,FALSE,FALSE,FALSE,FALSE,FALSE,TRUE,FALSE,FALSE,FALSE,TRUE,FALSE,FALSE,FALSE,FALSE,TRUE,LEFT,,FALSE,0,FALSE,FALSE,BOTH LIGHT AND HEAVY VEHICLES,NONE,RMS
983,Ebor Falls Lookout,2,2,,47.2km West of Dorrigo (1km West of Ebor),76,WATERFALL WAY,-30.4066,152.34565,TRUE,FALSE,FALSE,FALSE,FALSE,FALSE,FALSE,FALSE,FALSE,TRUE,FALSE,TRUE,FALSE,TRUE,FALSE,FALSE,FALSE,FALSE,TRUE,RIGHT,,FALSE,2,FALSE,FALSE,LIGHT VEHICLES ONLY,NONE,NATIONAL PARKS AND WILDLIFE SERVICE
986,Johnson,2,9,,6.6km West of Dorrigo (38.6km East of Ebor),76,WATERFALL WAY,-30.34716,152.65067,FALSE,FALSE,FALSE,FALSE,FALSE,FALSE,FALSE,FALSE,FALSE,TRUE,FALSE,FALSE,FALSE,TRUE,FALSE,FALSE,FALSE,FALSE,TRUE,RIGHT,,FALSE,0,FALSE,FALSE,BOTH LIGHT AND HEAVY VEHICLES,NONE,COUNCIL
1012,Bulla Park Rest Area,2,289,,115.2km West of Cobar,8,BARRIER HIGHWAY,-31.55848,144.62635,TRUE,FALSE,FALSE,FALSE,FALSE,FALSE,FALSE,FALSE,FALSE,TRUE,FALSE,FALSE,FALSE,TRUE,FALSE,FALSE,FALSE,TRUE,TRUE,LEFT,,FALSE,0,FALSE,TRUE,BOTH LIGHT AND HEAVY VEHICLES,WATER TRUCK,RMS
1043,West Dubbo Airport,3,309,,7.12km West of Dubbo (SH17),7,MITCHELL HIGHWAY,-32.20363,148.53909,TRUE,FALSE,FALSE,FALSE,FALSE,FALSE,FALSE,FALSE,FALSE,TRUE,FALSE,FALSE,FALSE,TRUE,FALSE,FALSE,FALSE,TRUE,TRUE,RIGHT,,FALSE,0,FALSE,TRUE,LIGHT VEHICLES ONLY,NONE,RMS
1057,Heavy vehicle Inspection Bay SE of Nyngan,5,264,,2.44km SouthEast of Nyngan,7,MITCHELL HIGHWAY,-31.58423,147.23865,TRUE,FALSE,FALSE,FALSE,FALSE,FALSE,FALSE,FALSE,FALSE,TRUE,FALSE,FALSE,FALSE,FALSE,FALSE,FALSE,FALSE,FALSE,TRUE,RIGHT,,FALSE,0,FALSE,FALSE,BOTH LIGHT AND HEAVY VEHICLES,NONE,RMS
1058,Nyngan-East approach,3,264,,0.3km SouthEast of Nyngan,7,MITCHELL HIGHWAY,-31.57372,147.21842,TRUE,FALSE,FALSE,FALSE,FALSE,FALSE,FALSE,FALSE,FALSE,TRUE,FALSE,FALSE,FALSE,FALSE,FALSE,FALSE,FALSE,FALSE,TRUE,LEFT,,FALSE,0,FALSE,FALSE,HEAVY VEHICLES ONLY,NONE,RMS
1059,Nyngan Rotary Park,2,264,,Nyngan,7,MITCHELL HIGHWAY,-31.55676,147.18321,TRUE,FALSE,FALSE,FALSE,FALSE,FALSE,FALSE,FALSE,FALSE,TRUE,TRUE,FALSE,FALSE,TRUE,FALSE,TRUE,TRUE,FALSE,TRUE,LEFT,,FALSE,2,FALSE,FALSE,LIGHT VEHICLES ONLY,TOWN SUPPLY,OTHER
1060,Nyngan-West approach-Northwest bound,3,264,,0.7km NorthWest of Nyngan,7,MITCHELL HIGHWAY,-31.54843,147.169,TRUE,FALSE,FALSE,FALSE,FALSE,FALSE,FALSE,FALSE,FALSE,TRUE,FALSE,FALSE,FALSE,FALSE,FALSE,FALSE,FALSE,FALSE,TRUE,LEFT,,FALSE,0,FALSE,FALSE,HEAVY VEHICLES ONLY,NONE,RMS
1061,Nyngan-West approach-Southeast bound,3,264,,0.7km NorthWest of Nyngan,7,MITCHELL HIGHWAY,-31.5482,147.16889,TRUE,FALSE,FALSE,FALSE,FALSE,FALSE,FALSE,FALSE,FALSE,TRUE,FALSE,FALSE,FALSE,FALSE,FALSE,FALSE,FALSE,FALSE,TRUE,RIGHT,,FALSE,0,FALSE,FALSE,HEAVY VEHICLES ONLY,NONE,RMS
1073,Bluff Rock Lookout,2,77,,79.4km North of Grafton,9,NEW ENGLAND HIGHWAY,-29.15465,152.00171,FALSE,FALSE,FALSE,FALSE,FALSE,FALSE,FALSE,FALSE,FALSE,TRUE,FALSE,TRUE,FALSE,TRUE,FALSE,FALSE,FALSE,TRUE,TRUE,RIGHT,OPEN,FALSE,1,FALSE,TRUE,LIGHT VEHICLES ONLY,RAINWATER TANK,RMS
1082,Bolivia Hill,2,74,,56.3km North of Glen Innes,9,4 Mile creek,-29.32564,151.91481,FALSE,FALSE,FALSE,FALSE,FALSE,FALSE,FALSE,FALSE,FALSE,TRUE,FALSE,FALSE,FALSE,FALSE,FALSE,FALSE,FALSE,FALSE,TRUE,RIGHT,OPEN,FALSE,1,FALSE,FALSE,HEAVY VEHICLES ONLY,RAINWATER TANK,RMS
1090,Beardy Water North,2,62,,10.0km North of Glen Innes,9,NEW ENGLAND HIGHWAY,-29.65896,151.78014,FALSE,FALSE,FALSE,FALSE,FALSE,FALSE,FALSE,FALSE,FALSE,TRUE,FALSE,FALSE,FALSE,TRUE,FALSE,FALSE,FALSE,FALSE,TRUE,LEFT,OPEN,FALSE,0,FALSE,FALSE,HEAVY VEHICLES ONLY,NONE,RMS
1091,Heritage Park (Bank of Beardy Ck),2,62,,9km North of Glen Innes,9,NEW ENGLAND HIGHWAY,-29.66293,151.77645,FALSE,FALSE,FALSE,FALSE,FALSE,FALSE,FALSE,FALSE,FALSE,TRUE,FALSE,FALSE,FALSE,TRUE,FALSE,FALSE,FALSE,FALSE,TRUE,LEFT,,FALSE,1,FALSE,FALSE,BOTH LIGHT AND HEAVY VEHICLES,RAINWATER TANK,COUNCIL
1092,Celtic Country - Redbank,2,58,,95.8km North of Armidale,9,NEW ENGLAND HIGHWAY,-29.78722,151.73195,TRUE,FALSE,FALSE,FALSE,FALSE,FALSE,FALSE,FALSE,FALSE,TRUE,FALSE,FALSE,FALSE,TRUE,FALSE,FALSE,FALSE,FALSE,TRUE,RIGHT,OPEN,FALSE,1,FALSE,FALSE,BOTH LIGHT AND HEAVY VEHICLES,RAINWATER TANK,RMS
1095,Glencoe,5,59,,80.6km North of Armidale,9,NEW ENGLAND HIGHWAY,-29.92247,151.72472,TRUE,FALSE,FALSE,FALSE,FALSE,FALSE,FALSE,FALSE,FALSE,TRUE,TRUE,FALSE,FALSE,FALSE,FALSE,FALSE,FALSE,FALSE,TRUE,RIGHT,,FALSE,1,FALSE,FALSE,BOTH LIGHT AND HEAVY VEHICLES,RAINWATER TANK,RMS
1127,Nyngan-Int Mitchell and Barrier HWY,3,264,,1.6km West of Nyngan,8,BARRIER HIGHWAY,-31.55497,147.17878,TRUE,FALSE,FALSE,FALSE,FALSE,FALSE,FALSE,FALSE,FALSE,TRUE,FALSE,FALSE,FALSE,FALSE,FALSE,FALSE,FALSE,FALSE,TRUE,LEFT,,FALSE,0,FALSE,FALSE,HEAVY VEHICLES ONLY,NONE,RMS
1133,Kyabia,2,79,,69.5km North of Tamworth,9,NEW ENGLAND HIGHWAY,-30.75289,151.38376,TRUE,FALSE,FALSE,FALSE,FALSE,FALSE,FALSE,FALSE,FALSE,TRUE,FALSE,FALSE,FALSE,TRUE,FALSE,FALSE,FALSE,FALSE,TRUE,LEFT,OPEN,FALSE,0,FALSE,FALSE,LIGHT VEHICLES ONLY,NONE,RMS
1135,Muswell Hill,2,65,,54.4km North of Tamworth,9,NEW ENGLAND HIGHWAY,-30.80559,151.25573,TRUE,FALSE,FALSE,FALSE,FALSE,FALSE,FALSE,FALSE,FALSE,TRUE,FALSE,FALSE,FALSE,FALSE,FALSE,FALSE,FALSE,FALSE,TRUE,LEFT,OPEN,FALSE,1,FALSE,FALSE,BOTH LIGHT AND HEAVY VEHICLES,RAINWATER TANK,RMS
1141,Moonbi Lookout,2,71,,26.7km North of Tamworth,9,NEW ENGLAND HIGHWAY,-30.97296,151.10394,FALSE,FALSE,FALSE,FALSE,FALSE,FALSE,FALSE,FALSE,FALSE,TRUE,FALSE,TRUE,FALSE,FALSE,FALSE,FALSE,FALSE,FALSE,TRUE,LEFT,,FALSE,0,FALSE,FALSE,LIGHT VEHICLES ONLY,NONE,OTHER
1142,Glen Ayr,2,71,,21.5km North of Tamworth,9,NEW ENGLAND HIGHWAY,-31.01325,151.08175,TRUE,FALSE,FALSE,FALSE,FALSE,FALSE,FALSE,FALSE,FALSE,TRUE,FALSE,FALSE,FALSE,TRUE,FALSE,FALSE,FALSE,FALSE,TRUE,LEFT,OPEN,FALSE,0,FALSE,FALSE,LIGHT VEHICLES ONLY,NONE,RMS
1144,East of Little Plain,2,34,,15.9km West of Inverell,12,GWYDIR HIGHWAY,-29.73597,150.9622,FALSE,FALSE,FALSE,FALSE,FALSE,FALSE,FALSE,FALSE,FALSE,TRUE,FALSE,FALSE,FALSE,TRUE,FALSE,FALSE,FALSE,TRUE,TRUE,LEFT,OPEN,FALSE,0,FALSE,TRUE,BOTH LIGHT AND HEAVY VEHICLES,NONE,RMS
1145,Dumboy Creek,2,27,,36.1km West of Inverell,12,INVERELL STREET,-29.63978,150.79727,FALSE,FALSE,FALSE,FALSE,FALSE,FALSE,FALSE,FALSE,FALSE,TRUE,FALSE,FALSE,FALSE,TRUE,FALSE,FALSE,FALSE,TRUE,TRUE,LEFT,OPEN,FALSE,0,FALSE,TRUE,BOTH LIGHT AND HEAVY VEHICLES,NONE,RMS
1147,Tigers Gap westbound,2,29,,55.6km West of Inverell,12,GWYDIR HIGHWAY,-29.56968,150.62,FALSE,FALSE,FALSE,FALSE,FALSE,FALSE,FALSE,FALSE,FALSE,TRUE,FALSE,FALSE,FALSE,TRUE,FALSE,FALSE,FALSE,FALSE,TRUE,LEFT,OPEN,FALSE,0,FALSE,FALSE,BOTH LIGHT AND HEAVY VEHICLES,NONE,RMS
1148,Nancy Coulton Lookout,2,29,,10.1km West of Warialda,12,GWYDIR HIGHWAY,-29.58259,150.48888,FALSE,FALSE,FALSE,FALSE,FALSE,FALSE,FALSE,FALSE,FALSE,TRUE,FALSE,TRUE,FALSE,TRUE,FALSE,FALSE,FALSE,FALSE,TRUE,LEFT,OPEN,FALSE,0,FALSE,FALSE,BOTH LIGHT AND HEAVY VEHICLES,NONE,RMS
1154,Tia River,2,81,,127.5km West of Wauchope,11,OXLEY HIGHWAY,-31.18811,151.83081,TRUE,FALSE,FALSE,FALSE,FALSE,FALSE,FALSE,FALSE,FALSE,TRUE,FALSE,FALSE,FALSE,TRUE,FALSE,FALSE,FALSE,TRUE,TRUE,LEFT,,FALSE,0,FALSE,TRUE,LIGHT VEHICLES ONLY,NONE,COUNCIL
1155,Stoney Creek,2,81,,141.5km West of Wauchope,11,OXLEY HIGHWAY,-31.07644,151.77762,TRUE,FALSE,FALSE,FALSE,FALSE,FALSE,FALSE,FALSE,FALSE,TRUE,FALSE,FALSE,FALSE,TRUE,FALSE,FALSE,FALSE,TRUE,TRUE,LEFT,OPEN,FALSE,0,FALSE,TRUE,LIGHT VEHICLES ONLY,NONE,RMS
1156,Apsley Falls,2,81,,144.7km West of Wauchope,11,OXLEY HIGHWAY,-31.053,151.75938,TRUE,FALSE,FALSE,FALSE,FALSE,FALSE,FALSE,FALSE,FALSE,FALSE,FALSE,FALSE,FALSE,TRUE,FALSE,FALSE,FALSE,TRUE,TRUE,RIGHT,,FALSE,2,FALSE,TRUE,LIGHT VEHICLES ONLY,RAINWATER TANK,NATIONAL PARKS AND WILDLIFE SERVICE
1157,Nowendoc Rd,2,81,,158.5km West of Wauchope,11,OXLEY HIGHWAY,-31.00354,151.63013,TRUE,FALSE,FALSE,FALSE,FALSE,FALSE,FALSE,FALSE,FALSE,TRUE,FALSE,FALSE,FALSE,TRUE,FALSE,FALSE,FALSE,FALSE,TRUE,RIGHT,OPEN,FALSE,0,FALSE,FALSE,LIGHT VEHICLES ONLY,NONE,RMS
1161,Rotary Tamworth Airport,2,73,,2km West of Tamworth,11,OXLEY HIGHWAY,-31.07773,150.85029,FALSE,FALSE,FALSE,FALSE,FALSE,FALSE,FALSE,FALSE,FALSE,TRUE,TRUE,FALSE,FALSE,TRUE,TRUE,FALSE,FALSE,FALSE,TRUE,RIGHT,,FALSE,2,FALSE,FALSE,BOTH LIGHT AND HEAVY VEHICLES,TOWN SUPPLY,OTHER
1164,Kiga Bore Rest Area S/B,2,342,,55.5km North of Moree,17,NEWELL HIGHWAY,-29.03578,150.05719,TRUE,FALSE,FALSE,FALSE,FALSE,FALSE,FALSE,FALSE,FALSE,TRUE,FALSE,FALSE,FALSE,TRUE,FALSE,FALSE,FALSE,FALSE,TRUE,RIGHT,,FALSE,0,FALSE,FALSE,BOTH LIGHT AND HEAVY VEHICLES,NONE,RMS
1165,Kiga Bore Rest Area N/B,2,342,,55.1km North of Moree,17,NEWELL HIGHWAY,-29.03819,150.05347,TRUE,FALSE,FALSE,FALSE,FALSE,FALSE,FALSE,FALSE,FALSE,TRUE,FALSE,FALSE,FALSE,TRUE,FALSE,FALSE,FALSE,FALSE,TRUE,LEFT,,FALSE,0,FALSE,FALSE,BOTH LIGHT AND HEAVY VEHICLES,NONE,RMS
1167,Gil Gil Creek Rest Area S/B,2,342,,38.4km North of Moree,17,NEWELL HIGHWAY,-29.18249,150.00993,TRUE,FALSE,FALSE,FALSE,FALSE,FALSE,FALSE,FALSE,FALSE,TRUE,FALSE,FALSE,FALSE,TRUE,FALSE,FALSE,FALSE,TRUE,TRUE,RIGHT,,FALSE,0,FALSE,TRUE,HEAVY VEHICLES ONLY,NONE,RMS
1168,Gil Gil Creek Rest Area N/B,2,342,,38.4km North of Moree,17,NEWELL HIGHWAY,-29.18251,150.00923,TRUE,FALSE,FALSE,FALSE,FALSE,FALSE,FALSE,FALSE,FALSE,TRUE,FALSE,FALSE,FALSE,TRUE,FALSE,FALSE,FALSE,TRUE,TRUE,LEFT,,FALSE,0,FALSE,TRUE,BOTH LIGHT AND HEAVY VEHICLES,NONE,RMS
1169,Gwyder River Parking Area,3,342,,9.7km North of Moree,17,NEWELL HIGHWAY,-29.41182,149.91956,TRUE,FALSE,FALSE,FALSE,FALSE,FALSE,FALSE,FALSE,FALSE,TRUE,FALSE,FALSE,FALSE,FALSE,FALSE,FALSE,FALSE,FALSE,TRUE,LEFT,,FALSE,0,FALSE,FALSE,BOTH LIGHT AND HEAVY VEHICLES,NONE,RMS
1170,Boolooroo Rest Area,2,342,,7.9km North of Moree,17,NEWELL HIGHWAY,-29.42011,149.90399,TRUE,FALSE,FALSE,FALSE,FALSE,FALSE,FALSE,FALSE,FALSE,TRUE,FALSE,FALSE,FALSE,TRUE,FALSE,FALSE,FALSE,TRUE,TRUE,LEFT,,FALSE,0,FALSE,TRUE,BOTH LIGHT AND HEAVY VEHICLES,NONE,RMS
1171,Camurra Truck Inspection Bay S/B,5,342,,7.4km North of Moree,17,NEWELL HIGHWAY,-29.42244,149.89847,TRUE,FALSE,FALSE,FALSE,FALSE,FALSE,FALSE,FALSE,FALSE,TRUE,TRUE,FALSE,FALSE,FALSE,FALSE,FALSE,FALSE,FALSE,TRUE,RIGHT,,FALSE,0,FALSE,FALSE,HEAVY VEHICLES ONLY,NONE,RMS
1172,Camurra Truck Inspection Bay N,5,342,,7.3km North of Moree,17,NEWELL HIGHWAY,-29.42219,149.8983,TRUE,FALSE,FALSE,FALSE,FALSE,FALSE,FALSE,FALSE,FALSE,TRUE,TRUE,FALSE,FALSE,FALSE,FALSE,FALSE,FALSE,FALSE,TRUE,LEFT,,FALSE,0,FALSE,FALSE,HEAVY VEHICLES ONLY,NONE,RMS
1173,Webb Oval Park Moree,2,342,,North Moree Webb Ave,12,BALO ST,-29.45717,149.8439,TRUE,FALSE,FALSE,FALSE,FALSE,FALSE,FALSE,FALSE,FALSE,TRUE,FALSE,FALSE,FALSE,TRUE,FALSE,FALSE,FALSE,TRUE,TRUE,RIGHT,,FALSE,0,FALSE,TRUE,LIGHT VEHICLES ONLY,TOWN SUPPLY,COUNCIL
1174,Tycannah Rest Area  S/B,2,342,,16.4km South of Moree (Heber ST),17,NEWELL HIGHWAY,-29.59968,149.81184,TRUE,FALSE,FALSE,FALSE,FALSE,FALSE,FALSE,FALSE,FALSE,TRUE,FALSE,FALSE,FALSE,TRUE,FALSE,FALSE,FALSE,TRUE,TRUE,RIGHT,,FALSE,0,FALSE,TRUE,LIGHT VEHICLES ONLY,NONE,RMS
1175,Tycannah Rest Area N/B,2,342,,16.5km South of Moree (Heber St),17,NEWELL HIGHWAY,-29.59984,149.8103,TRUE,FALSE,FALSE,FALSE,FALSE,FALSE,FALSE,FALSE,FALSE,TRUE,FALSE,FALSE,FALSE,TRUE,FALSE,FALSE,FALSE,TRUE,TRUE,LEFT,,FALSE,0,FALSE,TRUE,LIGHT VEHICLES ONLY,NONE,RMS
1177,Tookey Creek Rest Area,2,344,,48.2km South of Moree,17,NEWELL HIGHWAY,-29.87416,149.78867,TRUE,FALSE,FALSE,FALSE,FALSE,FALSE,FALSE,FALSE,FALSE,TRUE,FALSE,FALSE,FALSE,TRUE,FALSE,FALSE,FALSE,TRUE,TRUE,RIGHT,,FALSE,2,FALSE,TRUE,LIGHT VEHICLES ONLY,RAINWATER TANK,RMS
1178,Woolabrar Rest Area. Near Bellata,2,344,,48.8km North of Narrabri,17,NEWELL HIGHWAY,-29.90474,149.7907,FALSE,FALSE,FALSE,FALSE,FALSE,FALSE,FALSE,FALSE,FALSE,TRUE,TRUE,FALSE,FALSE,TRUE,FALSE,FALSE,FALSE,TRUE,TRUE,LEFT,,FALSE,0,FALSE,TRUE,BOTH LIGHT AND HEAVY VEHICLES,NONE,RMS
1193,Gowan North Rest Area,2,291,,8.5km North of Coonabarabran,17,NEWELL HIGHWAY,-31.21829,149.3262,TRUE,FALSE,FALSE,FALSE,FALSE,FALSE,FALSE,FALSE,FALSE,TRUE,TRUE,FALSE,FALSE,TRUE,FALSE,FALSE,FALSE,TRUE,TRUE,LEFT,,FALSE,1,FALSE,TRUE,BOTH LIGHT AND HEAVY VEHICLES,RAINWATER TANK,RMS
1194,Gowan Rest Area N/B,2,291,,6.7km North of Coonabarabran,17,NEWELL HIGHWAY,-31.23299,149.31806,TRUE,FALSE,FALSE,FALSE,FALSE,FALSE,FALSE,FALSE,FALSE,TRUE,TRUE,FALSE,FALSE,FALSE,FALSE,FALSE,FALSE,FALSE,TRUE,LEFT,,FALSE,1,FALSE,FALSE,BOTH LIGHT AND HEAVY VEHICLES,NONE,RMS
1195,Gowan Rest Area S/B,2,291,,6.5km North of Coonabarabran,17,NEWELL HIGHWAY,-31.23462,149.31734,TRUE,FALSE,FALSE,FALSE,FALSE,FALSE,FALSE,FALSE,FALSE,TRUE,TRUE,FALSE,FALSE,TRUE,FALSE,FALSE,FALSE,FALSE,TRUE,RIGHT,,FALSE,1,FALSE,FALSE,BOTH LIGHT AND HEAVY VEHICLES,NONE,RMS
1196,Dogtrap Gully Inspection Bay S/B,5,291,,4.7km North of Coonabarabran,17,NEWELL HIGHWAY,-31.2479,149.30903,FALSE,FALSE,FALSE,FALSE,FALSE,FALSE,FALSE,FALSE,FALSE,TRUE,TRUE,FALSE,FALSE,FALSE,FALSE,FALSE,FALSE,FALSE,TRUE,LEFT,,FALSE,0,FALSE,FALSE,BOTH LIGHT AND HEAVY VEHICLES,NONE,RMS
1197,Dogtrap Gully Inspection Bay N/B,5,291,,4.7km North of Coonabarabran,17,NEWELL HIGHWAY,-31.24761,149.30897,FALSE,FALSE,FALSE,FALSE,FALSE,FALSE,FALSE,FALSE,FALSE,TRUE,TRUE,FALSE,FALSE,FALSE,FALSE,FALSE,FALSE,FALSE,TRUE,LEFT,,FALSE,0,FALSE,FALSE,BOTH LIGHT AND HEAVY VEHICLES,NONE,RMS
1205,The Keyhole,3,130,,12km from Echuca (VIC) and  65km to Deniliquin,21,COBB HIGHWAY,-36.03557,144.77849,FALSE,FALSE,FALSE,FALSE,FALSE,FALSE,FALSE,FALSE,FALSE,TRUE,FALSE,FALSE,FALSE,FALSE,FALSE,FALSE,FALSE,FALSE,TRUE,RIGHT,,FALSE,0,FALSE,FALSE,LIGHT VEHICLES ONLY,NONE,RMS
1206,Nine Mile,3,130,,20km from Echuca (VIC) and  56km to Deniliquin,21,COBB HIGHWAY,-35.98429,144.8456,FALSE,FALSE,FALSE,FALSE,FALSE,FALSE,FALSE,FALSE,FALSE,TRUE,FALSE,FALSE,FALSE,FALSE,FALSE,FALSE,FALSE,FALSE,TRUE,RIGHT,,FALSE,0,FALSE,FALSE,BOTH LIGHT AND HEAVY VEHICLES,NONE,RMS
1207,Eleven Mile,3,130,,22km from Echuca (VIC) and  55km to Deniliquin,21,COBB HIGHWAY,-35.97319,144.85648,FALSE,FALSE,FALSE,FALSE,FALSE,FALSE,FALSE,FALSE,FALSE,TRUE,FALSE,FALSE,FALSE,FALSE,FALSE,FALSE,FALSE,FALSE,TRUE,LEFT,,FALSE,0,FALSE,FALSE,BOTH LIGHT AND HEAVY VEHICLES,NONE,RMS
1212,Windy CNR Birganbigal,3,105,,42km from Finley and 17km to Deniliquin,20,RIVERINA HIGHWAY,-35.57117,145.12656,FALSE,FALSE,FALSE,FALSE,FALSE,FALSE,FALSE,FALSE,FALSE,TRUE,FALSE,FALSE,FALSE,FALSE,FALSE,FALSE,FALSE,FALSE,TRUE,RIGHT,,FALSE,0,FALSE,FALSE,BOTH LIGHT AND HEAVY VEHICLES,NONE,RMS
1217,Bendick Murrell Rest Area,2,122,,26km from Young and  45km to Cowra,78,OLYMPIC HIGHWAY,-34.16737,148.45963,FALSE,FALSE,FALSE,FALSE,FALSE,FALSE,FALSE,FALSE,FALSE,TRUE,TRUE,FALSE,FALSE,TRUE,FALSE,FALSE,FALSE,TRUE,TRUE,RIGHT,,FALSE,2,FALSE,TRUE,BOTH LIGHT AND HEAVY VEHICLES,TOWN SUPPLY,RMS
1220,Lions Lookout,2,124,,8km from Young and  63km to Cowra,78,OLYMPIC HIGHWAY,-34.28762,148.3546,FALSE,FALSE,FALSE,FALSE,FALSE,FALSE,FALSE,FALSE,FALSE,TRUE,FALSE,TRUE,FALSE,TRUE,FALSE,FALSE,FALSE,TRUE,TRUE,LEFT,,FALSE,0,FALSE,TRUE,LIGHT VEHICLES ONLY,WATER TRUCK,OTHER
1222,No name,2,124,,41km from Cootamundra and  8km to Young,78,OLYMPIC HIGHWAY,-34.37445,148.26001,FALSE,FALSE,FALSE,FALSE,FALSE,FALSE,FALSE,FALSE,FALSE,TRUE,FALSE,FALSE,FALSE,TRUE,FALSE,FALSE,FALSE,FALSE,TRUE,LEFT,,FALSE,0,FALSE,FALSE,LIGHT VEHICLES ONLY,NONE,RMS
1234,The Henty Man Rest Area,2,109,,10km from Culcairn and  67km to Wagga Wagga,78,OLYMPIC HIGHWAY,-35.57921,147.04068,TRUE,FALSE,FALSE,FALSE,FALSE,FALSE,FALSE,FALSE,FALSE,TRUE,FALSE,FALSE,FALSE,TRUE,FALSE,FALSE,FALSE,TRUE,TRUE,LEFT,,FALSE,1,FALSE,TRUE,BOTH LIGHT AND HEAVY VEHICLES,TOWN SUPPLY,RMS
1254,Hillston Rest Area,2,94,,108km from Griffith and  2km to Hillston,80,KIDMAN WAY,-33.50452,145.53221,TRUE,FALSE,FALSE,FALSE,FALSE,FALSE,FALSE,FALSE,FALSE,TRUE,TRUE,FALSE,FALSE,TRUE,FALSE,FALSE,FALSE,TRUE,TRUE,RIGHT,,FALSE,2,FALSE,TRUE,BOTH LIGHT AND HEAVY VEHICLES,TOWN SUPPLY,RMS
1256,Sturts Marked Tree,3,119,,251km from West Wyalong and  4km to Hay,6,MID WESTERN HIGHWAY,-34.49043,144.87727,FALSE,FALSE,FALSE,FALSE,FALSE,FALSE,FALSE,FALSE,FALSE,TRUE,FALSE,FALSE,FALSE,FALSE,FALSE,FALSE,FALSE,FALSE,TRUE,RIGHT,,FALSE,0,FALSE,FALSE,HEAVY VEHICLES ONLY,NONE,RMS
1257,Birriwa,3,119,,247km from West Wyalong and  8km to Hay,6,MID WESTERN HIGHWAY,-34.49765,144.91777,FALSE,FALSE,FALSE,FALSE,FALSE,FALSE,FALSE,FALSE,FALSE,TRUE,FALSE,FALSE,FALSE,FALSE,FALSE,FALSE,FALSE,FALSE,TRUE,LEFT,,FALSE,0,FALSE,FALSE,BOTH LIGHT AND HEAVY VEHICLES,NONE,RMS
1259,Gunbar,3,93,,179km from West Wyalong and  76km to Hay,6,MID WESTERN HIGHWAY,-34.05132,145.38959,FALSE,FALSE,FALSE,FALSE,FALSE,FALSE,FALSE,FALSE,FALSE,TRUE,FALSE,FALSE,FALSE,FALSE,FALSE,FALSE,FALSE,FALSE,TRUE,RIGHT,,FALSE,0,FALSE,FALSE,HEAVY VEHICLES ONLY,NONE,RMS
1260,Ilkadoon Rd,2,92,,148km from West Wyalong and 107km to Hay,6,MID WESTERN HIGHWAY,-33.98981,145.69494,FALSE,FALSE,FALSE,FALSE,FALSE,FALSE,FALSE,FALSE,FALSE,TRUE,FALSE,FALSE,FALSE,TRUE,FALSE,FALSE,FALSE,TRUE,TRUE,RIGHT,,FALSE,0,FALSE,TRUE,LIGHT VEHICLES ONLY,NONE,RMS
1262,Goolgowi,3,92,,146km from West Wyalong and 109km to Hay,6,ZARA ST,-33.98187,145.71063,FALSE,FALSE,FALSE,FALSE,FALSE,FALSE,FALSE,FALSE,FALSE,TRUE,FALSE,FALSE,FALSE,FALSE,FALSE,FALSE,FALSE,FALSE,TRUE,LEFT,,FALSE,2,FALSE,FALSE,BOTH LIGHT AND HEAVY VEHICLES,NONE,COUNCIL
1264,John Oxley Rest Area,2,89,,99km from West Wyalong and 156km to Hay,6,MID WESTERN HIGHWAY,-33.87268,146.18424,TRUE,FALSE,FALSE,FALSE,FALSE,FALSE,FALSE,FALSE,FALSE,TRUE,FALSE,FALSE,FALSE,TRUE,FALSE,FALSE,FALSE,TRUE,TRUE,LEFT,,FALSE,2,FALSE,TRUE,BOTH LIGHT AND HEAVY VEHICLES,WATER TRUCK,RMS
1265,Rankin Springs,3,89,,90.8km from West Wyalong and 164.656km to Hay,6,MID WESTERN HIGHWAY,-33.84114,146.26415,FALSE,FALSE,FALSE,FALSE,FALSE,FALSE,FALSE,FALSE,FALSE,TRUE,FALSE,FALSE,FALSE,FALSE,FALSE,FALSE,FALSE,FALSE,TRUE,RIGHT,,FALSE,0,FALSE,FALSE,BOTH LIGHT AND HEAVY VEHICLES,NONE,RMS
1286,Emergency Phone Site,3,283,,44.8km West of Emmdale,8,BARRIER HIGHWAY,-31.69501,143.82354,FALSE,FALSE,FALSE,FALSE,FALSE,FALSE,TRUE,FALSE,FALSE,FALSE,FALSE,FALSE,FALSE,FALSE,FALSE,FALSE,FALSE,FALSE,TRUE,RIGHT,,FALSE,0,FALSE,FALSE,LIGHT VEHICLES ONLY,NONE,RMS
1287,MacCullochs Rest Area,2,283,,205.3km West of Cobar,8,BARRIER HIGHWAY,-31.69518,143.81494,TRUE,FALSE,TRUE,FALSE,FALSE,FALSE,FALSE,FALSE,FALSE,TRUE,TRUE,FALSE,FALSE,TRUE,TRUE,FALSE,FALSE,TRUE,TRUE,LEFT,,FALSE,1,FALSE,TRUE,BOTH LIGHT AND HEAVY VEHICLES,TOWN SUPPLY,RMS
1297,Talyawalka Flood Plain,3,283,,89.2km West of Emmdale,8,BARRIER HIGHWAY,-31.64773,143.42546,FALSE,FALSE,FALSE,FALSE,FALSE,FALSE,FALSE,FALSE,FALSE,TRUE,FALSE,FALSE,FALSE,FALSE,FALSE,FALSE,FALSE,FALSE,TRUE,RIGHT,,FALSE,0,FALSE,FALSE,HEAVY VEHICLES ONLY,NONE,RMS
1299,Wilcannia Urban Are,3,283,,Wilcannia,8,MYERS ST,-31.55664,143.3756,FALSE,FALSE,FALSE,FALSE,FALSE,FALSE,FALSE,FALSE,FALSE,TRUE,TRUE,FALSE,FALSE,TRUE,FALSE,FALSE,FALSE,FALSE,TRUE,LEFT,,FALSE,0,FALSE,FALSE,BOTH LIGHT AND HEAVY VEHICLES,TOWN SUPPLY,RMS
1303,Netallie Hill Rest Area,2,283,,16.6km West of Wilcannia,8,BARRIER HIGHWAY,-31.56864,143.21673,TRUE,FALSE,FALSE,FALSE,FALSE,FALSE,FALSE,FALSE,FALSE,TRUE,TRUE,FALSE,FALSE,TRUE,FALSE,FALSE,FALSE,TRUE,TRUE,LEFT,,FALSE,1,FALSE,TRUE,BOTH LIGHT AND HEAVY VEHICLES,NONE,RMS
1328,Emergency Phone Site,3,271,,48.6km West of Topar Roadhouse,8,BARRIER HIGHWAY,-31.8959,141.72397,TRUE,FALSE,FALSE,FALSE,FALSE,FALSE,TRUE,FALSE,FALSE,FALSE,FALSE,FALSE,FALSE,FALSE,FALSE,FALSE,FALSE,FALSE,TRUE,RIGHT,,FALSE,0,FALSE,FALSE,BOTH LIGHT AND HEAVY VEHICLES,NONE,RMS
1330,Stephens Creek Bridge,3,271,,54.6km West of Topar Roadhouse,8,BARRIER HIGHWAY,-31.91065,141.66423,FALSE,FALSE,FALSE,FALSE,FALSE,FALSE,FALSE,FALSE,FALSE,FALSE,FALSE,FALSE,FALSE,FALSE,FALSE,FALSE,FALSE,FALSE,TRUE,RIGHT,,FALSE,0,FALSE,FALSE,HEAVY VEHICLES ONLY,NONE,RMS
1334,Mount Gipps,3,271,,63km West of Topar Roadhouse,8,BARRIER HIGHWAY,-31.90395,141.58186,FALSE,FALSE,FALSE,FALSE,FALSE,FALSE,FALSE,FALSE,FALSE,TRUE,FALSE,FALSE,FALSE,FALSE,FALSE,FALSE,FALSE,FALSE,TRUE,RIGHT,,FALSE,0,FALSE,FALSE,HEAVY VEHICLES ONLY,NONE,RMS
1369,Dinjerra Road - Glenugie,2,15,,69.6km North of Coffs Harbour,10,PACIFIC HIGHWAY,-29.78408,153.00837,TRUE,FALSE,FALSE,FALSE,FALSE,FALSE,FALSE,FALSE,FALSE,TRUE,FALSE,FALSE,FALSE,TRUE,FALSE,FALSE,FALSE,TRUE,TRUE,LEFT,OPEN,FALSE,1,TRUE,TRUE,BOTH LIGHT AND HEAVY VEHICLES,RAINWATER TANK,RMS
1400,Charcoal Tank Rest Area,2,90,,127km from Narrandera and  9km to West Wyalong,17,NEWELL HIGHWAY,-33.98371,147.1576,FALSE,FALSE,FALSE,FALSE,FALSE,FALSE,FALSE,FALSE,FALSE,TRUE,FALSE,FALSE,FALSE,FALSE,FALSE,FALSE,FALSE,FALSE,TRUE,LEFT,,FALSE,0,FALSE,FALSE,BOTH LIGHT AND HEAVY VEHICLES,NONE,RMS
1430,Baden Park Rest Area,2,283,,172.9km West of Cobar,8,BARRIER HIGHWAY,-31.7138,144.14273,TRUE,FALSE,FALSE,FALSE,FALSE,FALSE,FALSE,FALSE,FALSE,TRUE,TRUE,FALSE,FALSE,TRUE,FALSE,FALSE,FALSE,TRUE,TRUE,RIGHT,,FALSE,1,FALSE,TRUE,BOTH LIGHT AND HEAVY VEHICLES,WATER TRUCK,RMS
1431,Lilyvale Heavy Vehicle Rest Area (West Bound Lane),2,289,LILYVALE HEAVY VEHICLE 2 (WEST),5916m from HW8 segment 446.,8,BARRIER HIGHWAY,-31.58688,144.87466,TRUE,FALSE,FALSE,FALSE,FALSE,FALSE,FALSE,FALSE,FALSE,TRUE,TRUE,FALSE,FALSE,TRUE,FALSE,FALSE,FALSE,FALSE,TRUE,LEFT,,FALSE,1,FALSE,FALSE,BOTH LIGHT AND HEAVY VEHICLES,RAINWATER TANK,RMS
1439,Thackaringa Hills RA,2,271,,36.8km West of Broken Hill,8,BARRIER HIGHWAY,-32.04582,141.12766,TRUE,FALSE,FALSE,FALSE,FALSE,FALSE,FALSE,FALSE,FALSE,TRUE,TRUE,FALSE,FALSE,TRUE,FALSE,FALSE,FALSE,TRUE,TRUE,LEFT,,FALSE,1,FALSE,TRUE,BOTH LIGHT AND HEAVY VEHICLES,WATER TRUCK,RMS
1506,Lowesdale Rest Area,2,106,,68km from Albury and  78km to Finley,20,RIVERINA HIGHWAY,-35.81462,146.35716,TRUE,FALSE,FALSE,FALSE,FALSE,FALSE,FALSE,FALSE,FALSE,TRUE,TRUE,FALSE,FALSE,TRUE,FALSE,FALSE,FALSE,TRUE,TRUE,RIGHT,OPEN,FALSE,2,FALSE,TRUE,BOTH LIGHT AND HEAVY VEHICLES,NONE,RMS
1519,Beckom Rest Area,2,98,,79km from Narrandera and 57km to West Wyalong,17,NEWELL HIGHWAY,-34.3361,147.01442,TRUE,FALSE,FALSE,FALSE,FALSE,FALSE,FALSE,FALSE,FALSE,TRUE,FALSE,FALSE,FALSE,TRUE,FALSE,FALSE,FALSE,TRUE,TRUE,LEFT,,FALSE,2,FALSE,TRUE,BOTH LIGHT AND HEAVY VEHICLES,SOURCE UNKNOWN,RMS
1551,Bairds Truck Stop,2,117,,89km from Hay and 120km to Ivanhoe,21,COBB HIGHWAY,-33.77474,144.9231,FALSE,FALSE,FALSE,FALSE,FALSE,FALSE,FALSE,FALSE,FALSE,TRUE,FALSE,FALSE,FALSE,TRUE,FALSE,FALSE,FALSE,FALSE,TRUE,RIGHT,,FALSE,0,FALSE,FALSE,BOTH LIGHT AND HEAVY VEHICLES,NONE,RMS
1553,Robins Nest (Mirool Ck),2,117,,58km from Hay and 151km to Ivanhoe,21,COBB HIGHWAY,-34.03166,144.82599,FALSE,FALSE,FALSE,FALSE,FALSE,FALSE,FALSE,FALSE,FALSE,TRUE,FALSE,FALSE,FALSE,TRUE,FALSE,FALSE,FALSE,FALSE,TRUE,RIGHT,,FALSE,0,FALSE,FALSE,BOTH LIGHT AND HEAVY VEHICLES,NONE,RMS
1570,Parkes Lions Park,2,359,,Parkes East,61,ORANGE-PARKES RD,-33.14259,148.19161,FALSE,FALSE,TRUE,FALSE,FALSE,FALSE,FALSE,FALSE,FALSE,TRUE,FALSE,FALSE,FALSE,FALSE,TRUE,FALSE,FALSE,FALSE,TRUE,RIGHT,,FALSE,4,FALSE,FALSE,LIGHT VEHICLES ONLY,NONE,OTHER
1589,Mahda Rest Area - Southbound,2,97,,102km from Narrandera and 34km to West Wyalong,17,NEWELL HIGHWAY,-34.19892,147.11058,FALSE,FALSE,FALSE,FALSE,FALSE,FALSE,FALSE,FALSE,FALSE,TRUE,FALSE,FALSE,FALSE,FALSE,FALSE,FALSE,FALSE,FALSE,TRUE,RIGHT,,FALSE,0,FALSE,FALSE,BOTH LIGHT AND HEAVY VEHICLES,NONE,RMS
1590,Mahda Rest Area - Northbound,2,97,,102km from Narrandera and 34km to West Wyalong,17,NEWELL HIGHWAY,-34.19963,147.11033,FALSE,FALSE,FALSE,FALSE,FALSE,FALSE,FALSE,FALSE,FALSE,TRUE,FALSE,FALSE,FALSE,FALSE,FALSE,FALSE,FALSE,FALSE,TRUE,LEFT,,FALSE,0,FALSE,FALSE,BOTH LIGHT AND HEAVY VEHICLES,NONE,RMS
1591,Mirrool,3,98,,87km from Narrandera and 49km to West Wyalong,17,NEWELL HIGHWAY,-34.33258,147.08636,FALSE,FALSE,FALSE,FALSE,FALSE,FALSE,FALSE,FALSE,FALSE,TRUE,FALSE,FALSE,FALSE,FALSE,FALSE,FALSE,FALSE,FALSE,TRUE,LEFT,,FALSE,0,FALSE,FALSE,BOTH LIGHT AND HEAVY VEHICLES,NONE,RMS
1608,Goonoo Goonoo,2,67,,132.3km North of Muswellbrook,9,NEW ENGLAND HIGHWAY,-31.2972,150.90183,FALSE,FALSE,FALSE,FALSE,FALSE,FALSE,FALSE,FALSE,FALSE,TRUE,FALSE,FALSE,FALSE,TRUE,FALSE,FALSE,FALSE,TRUE,TRUE,RIGHT,OPEN,FALSE,1,FALSE,TRUE,HEAVY VEHICLES ONLY,RAINWATER TANK,RMS
1610,150 Deg Meridian,2,25,,25.3km North of Gunnedah,11,OXLEY HIGHWAY,-31.0631,150,FALSE,FALSE,FALSE,FALSE,FALSE,FALSE,FALSE,FALSE,FALSE,TRUE,FALSE,FALSE,FALSE,TRUE,FALSE,FALSE,FALSE,FALSE,TRUE,RIGHT,OPEN,FALSE,0,FALSE,FALSE,LIGHT VEHICLES ONLY,WATER TRUCK,RMS
1681,Sandy Creek Rest Area,2,72,,7.47km S of Warren (Dubbo St),11,OXLEY HIGHWAY,-31.74856,147.78347,TRUE,FALSE,FALSE,FALSE,FALSE,FALSE,FALSE,FALSE,FALSE,TRUE,FALSE,FALSE,FALSE,TRUE,FALSE,FALSE,FALSE,TRUE,TRUE,LEFT,,FALSE,0,FALSE,TRUE,BOTH LIGHT AND HEAVY VEHICLES,NONE,RMS
1697,MR95 Picton Road near old airstrip,2,216,,27km West of Wollongong,95,PICTON RD,-34.28941,150.72709,TRUE,FALSE,FALSE,FALSE,FALSE,FALSE,FALSE,FALSE,FALSE,TRUE,FALSE,FALSE,FALSE,TRUE,FALSE,FALSE,FALSE,FALSE,TRUE,RIGHT,,FALSE,0,FALSE,FALSE,BOTH LIGHT AND HEAVY VEHICLES,NONE,RMS
1698,Appin Rd E/B Truck Parking Facility,2,216,,12km West of Bulli,177,APPIN RD,-34.25601,150.87058,TRUE,FALSE,FALSE,FALSE,FALSE,FALSE,FALSE,FALSE,FALSE,TRUE,FALSE,FALSE,FALSE,FALSE,FALSE,FALSE,FALSE,FALSE,TRUE,RIGHT,,FALSE,0,FALSE,FALSE,BOTH LIGHT AND HEAVY VEHICLES,WATER TRUCK,RMS
1749,Emmdale,3,283,,159.1km West of Cobar,8,BARRIER HIGHWAY,-31.65282,144.26782,TRUE,FALSE,FALSE,FALSE,FALSE,FALSE,FALSE,FALSE,FALSE,TRUE,TRUE,FALSE,FALSE,FALSE,FALSE,FALSE,FALSE,FALSE,TRUE,LEFT,,FALSE,1,FALSE,FALSE,BOTH LIGHT AND HEAVY VEHICLES,NONE,OTHER
1750,Near Emmdale Roadhouse,2,283,,155.2km West of Cobar,8,BARRIER HIGHWAY,-31.65265,144.26791,FALSE,FALSE,FALSE,FALSE,FALSE,FALSE,FALSE,FALSE,FALSE,FALSE,FALSE,FALSE,FALSE,FALSE,FALSE,FALSE,FALSE,FALSE,TRUE,RIGHT,,FALSE,1,FALSE,FALSE,BOTH LIGHT AND HEAVY VEHICLES,NONE,RMS
1751,Nyngan - Truck Parking Area,3,264,,Nyngan,7,NYMAGEE ST,-31.56364,147.20084,TRUE,FALSE,FALSE,FALSE,FALSE,FALSE,FALSE,FALSE,FALSE,TRUE,TRUE,FALSE,FALSE,TRUE,FALSE,FALSE,FALSE,FALSE,TRUE,RIGHT,,FALSE,0,FALSE,FALSE,HEAVY VEHICLES ONLY,TOWN SUPPLY,COUNCIL
1753,Cockburn,3,271,,49.2km West of Broken Hill,8,BARRIER HIGHWAY,-32.07824,141.00259,TRUE,FALSE,FALSE,FALSE,FALSE,FALSE,FALSE,FALSE,FALSE,FALSE,FALSE,FALSE,FALSE,FALSE,FALSE,FALSE,FALSE,FALSE,TRUE,LEFT,,FALSE,0,FALSE,FALSE,HEAVY VEHICLES ONLY,NONE,OTHER
1754,Bundaburra Aquatic Area,2,314,,13.4km South of Forbes,17,NEWELL HIGHWAY,-33.46948,147.88363,FALSE,FALSE,FALSE,FALSE,FALSE,FALSE,FALSE,FALSE,FALSE,TRUE,FALSE,FALSE,FALSE,FALSE,FALSE,FALSE,FALSE,FALSE,TRUE,LEFT,,FALSE,0,FALSE,FALSE,LIGHT VEHICLES ONLY,NONE,RMS
1755,Bundaburra Creek Bridge,2,314,,8km South of Forbes,17,NEWELL HIGHWAY,-33.44112,147.90941,FALSE,FALSE,FALSE,FALSE,FALSE,FALSE,FALSE,FALSE,FALSE,TRUE,FALSE,FALSE,FALSE,FALSE,FALSE,FALSE,FALSE,FALSE,TRUE,LEFT,,FALSE,0,FALSE,FALSE,LIGHT VEHICLES ONLY,NONE,RMS
1757,Billabong Creek Rest Area,2,359,,10km South of Parkes,17,NEWELL HIGHWAY,-33.20927,148.12516,TRUE,FALSE,FALSE,FALSE,FALSE,FALSE,FALSE,FALSE,FALSE,TRUE,FALSE,FALSE,FALSE,TRUE,FALSE,FALSE,FALSE,TRUE,TRUE,RIGHT,,FALSE,0,FALSE,TRUE,LIGHT VEHICLES ONLY,OTHER,RMS
1758,Parkes Bushmans Dam Kelly Reserve,2,359,,Parkes town,17,CURRAJONG ST,-33.1246,148.17352,TRUE,FALSE,TRUE,FALSE,FALSE,FALSE,FALSE,FALSE,FALSE,TRUE,TRUE,FALSE,FALSE,TRUE,TRUE,FALSE,FALSE,TRUE,TRUE,LEFT,,FALSE,3,FALSE,TRUE,LIGHT VEHICLES ONLY,TOWN SUPPLY,COUNCIL
1759,North Parkes,2,359,,North Parkes (80km Speed Signs),17,DUBBO RD,-33.11264,148.17482,TRUE,FALSE,FALSE,FALSE,FALSE,FALSE,FALSE,FALSE,FALSE,TRUE,FALSE,FALSE,FALSE,TRUE,FALSE,FALSE,FALSE,TRUE,TRUE,RIGHT,,FALSE,2,FALSE,TRUE,BOTH LIGHT AND HEAVY VEHICLES,RAINWATER TANK,RMS
1761,Panai Ave,2,309,,12.69km from Dubbo (SH7),17,NEWELL HIGHWAY,-32.32997,148.50863,FALSE,FALSE,FALSE,FALSE,FALSE,FALSE,FALSE,FALSE,FALSE,TRUE,FALSE,FALSE,FALSE,TRUE,FALSE,FALSE,FALSE,TRUE,TRUE,RIGHT,,FALSE,0,FALSE,TRUE,BOTH LIGHT AND HEAVY VEHICLES,NONE,RMS
1771,Packsaddle Roadhouse,2,364,,174km North of Broken Hill,22,SILVER CITY HIGHWAY,-30.6106,141.96651,FALSE,FALSE,FALSE,FALSE,FALSE,FALSE,TRUE,FALSE,FALSE,TRUE,FALSE,FALSE,FALSE,FALSE,FALSE,FALSE,FALSE,TRUE,TRUE,RIGHT,,FALSE,0,FALSE,TRUE,LIGHT VEHICLES ONLY,NONE,RMS
1772,Packsaddle,2,364,,175km North of Broken Hill,22,SILVER CITY HIGHWAY,-30.60169,141.964,FALSE,FALSE,FALSE,FALSE,FALSE,FALSE,FALSE,FALSE,FALSE,TRUE,FALSE,FALSE,FALSE,FALSE,FALSE,FALSE,FALSE,FALSE,TRUE,RIGHT,,FALSE,0,FALSE,FALSE,LIGHT VEHICLES ONLY,NONE,RMS
1777,East of Dubbo,3,309,,11.22km East of Dubbo (Bourke St),27,DUNEDOO-DUBBO RD,-32.20313,148.71617,FALSE,FALSE,FALSE,FALSE,FALSE,FALSE,FALSE,FALSE,FALSE,TRUE,FALSE,FALSE,FALSE,TRUE,FALSE,FALSE,FALSE,TRUE,TRUE,RIGHT,,FALSE,0,FALSE,TRUE,BOTH LIGHT AND HEAVY VEHICLES,NONE,RMS
1778,Cato Bridge Rest Area,2,270,,8.0km East of Brewarrina Bridge,29,KAMILAROI HIGHWAY,-29.91582,146.91329,TRUE,FALSE,FALSE,FALSE,FALSE,FALSE,FALSE,FALSE,FALSE,TRUE,FALSE,FALSE,FALSE,TRUE,FALSE,FALSE,FALSE,TRUE,TRUE,LEFT,,FALSE,0,FALSE,TRUE,LIGHT VEHICLES ONLY,WATER TRUCK,RMS
1784,Redbank - Tommy Swamp,2,23,,26.0km West of Somerton,11,OXLEY HIGHWAY,-30.99425,150.37793,FALSE,FALSE,FALSE,FALSE,FALSE,FALSE,FALSE,FALSE,FALSE,FALSE,TRUE,FALSE,FALSE,TRUE,FALSE,FALSE,FALSE,FALSE,TRUE,RIGHT,OPEN,FALSE,2,FALSE,FALSE,LIGHT VEHICLES ONLY,RAINWATER TANK,RMS
1786,Braefield,2,43,,8.4km North of HW9,29,KAMILAROI HIGHWAY,-31.56511,150.69791,FALSE,FALSE,FALSE,FALSE,FALSE,FALSE,FALSE,FALSE,FALSE,TRUE,FALSE,FALSE,FALSE,TRUE,FALSE,FALSE,FALSE,FALSE,TRUE,RIGHT,OPEN,FALSE,0,FALSE,FALSE,LIGHT VEHICLES ONLY,NONE,RMS
1787,Square Bush,3,44,,32.5km North of Quirindi,29,KAMILAROI HIGHWAY,-31.29908,150.49449,FALSE,FALSE,FALSE,FALSE,FALSE,FALSE,FALSE,FALSE,FALSE,TRUE,FALSE,FALSE,FALSE,FALSE,FALSE,FALSE,FALSE,FALSE,TRUE,RIGHT,,FALSE,0,FALSE,FALSE,HEAVY VEHICLES ONLY,NONE,RMS
1788,Soil Conservation,2,24,,74.3km North of Quirindi,29,KAMILAROI HIGHWAY,-31.02524,150.27444,FALSE,FALSE,FALSE,FALSE,FALSE,FALSE,FALSE,FALSE,FALSE,TRUE,FALSE,FALSE,FALSE,TRUE,FALSE,FALSE,FALSE,FALSE,TRUE,RIGHT,OPEN,FALSE,0,FALSE,FALSE,LIGHT VEHICLES ONLY,RAINWATER TANK,RMS
1789,Greenwood Grange,3,24,,9.2km North of Gunnedah,29,KAMILAROI HIGHWAY,-30.9231,150.18741,FALSE,FALSE,FALSE,FALSE,FALSE,FALSE,FALSE,FALSE,FALSE,TRUE,FALSE,FALSE,FALSE,FALSE,FALSE,FALSE,FALSE,FALSE,TRUE,LEFT,,FALSE,0,FALSE,FALSE,BOTH LIGHT AND HEAVY VEHICLES,NONE,RMS
1790,Lions Park,2,42,,4.2km North of Lismore,65,Lismore-Bangalow Road,-28.78882,153.30598,FALSE,FALSE,FALSE,FALSE,FALSE,FALSE,FALSE,FALSE,FALSE,FALSE,FALSE,FALSE,FALSE,TRUE,FALSE,FALSE,FALSE,FALSE,TRUE,LEFT,OPEN,FALSE,0,FALSE,FALSE,BOTH LIGHT AND HEAVY VEHICLES,NONE,RMS
1791,Ferry Park - Maclean,2,16,,41.3km North of Grafton,10,PACIFIC HIGHWAY,-29.47233,153.20503,FALSE,FALSE,FALSE,FALSE,TRUE,FALSE,FALSE,FALSE,FALSE,TRUE,FALSE,FALSE,FALSE,TRUE,FALSE,FALSE,FALSE,TRUE,TRUE,LEFT,,FALSE,2,FALSE,TRUE,LIGHT VEHICLES ONLY,NONE,OTHER
1793,Wiangaree Pond,2,41,,13.2km North of Kyogle,83,SUMMERLAND WAY,-28.5132,152.96201,FALSE,FALSE,FALSE,FALSE,FALSE,FALSE,FALSE,FALSE,FALSE,TRUE,FALSE,FALSE,FALSE,TRUE,FALSE,FALSE,FALSE,FALSE,TRUE,RIGHT,,FALSE,1,FALSE,FALSE,LIGHT VEHICLES ONLY,RAINWATER TANK,COUNCIL
1798,Drake - Underwood Park,2,75,,77km West of Casino,16,FAIRFIELD STREET,-28.92741,152.37548,FALSE,FALSE,FALSE,FALSE,FALSE,FALSE,FALSE,FALSE,FALSE,TRUE,FALSE,FALSE,FALSE,TRUE,TRUE,FALSE,FALSE,TRUE,TRUE,LEFT,,FALSE,2,FALSE,TRUE,LIGHT VEHICLES ONLY,RAINWATER TANK,COUNCIL
1799,Market Square Park,2,77,,126.5km West of Casino,16,CLARENCE STREET,-29.0539,152.024,FALSE,FALSE,FALSE,FALSE,FALSE,FALSE,FALSE,FALSE,FALSE,TRUE,TRUE,FALSE,FALSE,TRUE,FALSE,FALSE,FALSE,TRUE,TRUE,LEFT,,FALSE,2,FALSE,TRUE,BOTH LIGHT AND HEAVY VEHICLES,RAINWATER TANK,OTHER
1801,Lions Coronation Park - Casino,2,52,,1km South Casino,16,CENTRE STREET,-28.8691,153.04401,FALSE,FALSE,FALSE,FALSE,FALSE,FALSE,FALSE,FALSE,FALSE,TRUE,FALSE,FALSE,FALSE,TRUE,TRUE,FALSE,FALSE,TRUE,TRUE,RIGHT,,FALSE,2,FALSE,TRUE,LIGHT VEHICLES ONLY,TOWN SUPPLY,COUNCIL
1803,Ramornie  Orara River - Tindal Bridge,2,20,,15.6km West of Grafton,12,GWYDIR HIGHWAY,-29.65221,152.79973,FALSE,FALSE,FALSE,FALSE,FALSE,FALSE,FALSE,FALSE,FALSE,TRUE,FALSE,FALSE,FALSE,TRUE,FALSE,FALSE,FALSE,FALSE,TRUE,LEFT,OPEN,FALSE,0,FALSE,FALSE,LIGHT VEHICLES ONLY,NONE,RMS
1810,Tenterfield Creek,2,77,,89km North of Glen Innes,9,NEW ENGLAND HIGHWAY,-29.0689,152.01401,FALSE,FALSE,FALSE,FALSE,FALSE,FALSE,FALSE,FALSE,FALSE,TRUE,FALSE,FALSE,FALSE,TRUE,FALSE,FALSE,FALSE,TRUE,TRUE,RIGHT,,FALSE,0,FALSE,TRUE,LIGHT VEHICLES ONLY,RAINWATER TANK,RMS
1817,Attunga,2,63,,21.5km North of Tamworth,63,TAMWORTH-YETMAN RD,-30.92921,150.84675,FALSE,FALSE,FALSE,FALSE,FALSE,FALSE,FALSE,FALSE,FALSE,TRUE,TRUE,FALSE,FALSE,TRUE,FALSE,FALSE,FALSE,FALSE,TRUE,RIGHT,,FALSE,2,FALSE,FALSE,BOTH LIGHT AND HEAVY VEHICLES,NONE,COUNCIL
1825,Warialda Apex Park,2,29,,0.7km West of Warialda,12,MOREE ROAD,-29.54299,150.56866,FALSE,FALSE,TRUE,FALSE,FALSE,FALSE,FALSE,FALSE,FALSE,TRUE,FALSE,FALSE,FALSE,TRUE,TRUE,FALSE,FALSE,FALSE,TRUE,LEFT,,FALSE,2,FALSE,FALSE,BOTH LIGHT AND HEAVY VEHICLES,WATER TRUCK,COUNCIL
1826,Barraba Omeara Park,2,64,,44.1km North of Tamworth,63,TAMWORTH-YETMAN RD,-30.3887,150.61,FALSE,FALSE,TRUE,FALSE,FALSE,FALSE,FALSE,FALSE,FALSE,FALSE,FALSE,FALSE,FALSE,TRUE,TRUE,FALSE,FALSE,FALSE,TRUE,RIGHT,,FALSE,2,FALSE,FALSE,LIGHT VEHICLES ONLY,RAINWATER TANK,COUNCIL
1827,Warialda Saleyards,2,29,,60.3km West of Inverell,12,GWYDIR HIGHWAY,-29.5457,150.582,FALSE,FALSE,FALSE,FALSE,FALSE,FALSE,FALSE,FALSE,FALSE,TRUE,FALSE,FALSE,FALSE,FALSE,FALSE,FALSE,FALSE,FALSE,TRUE,RIGHT,,FALSE,2,FALSE,FALSE,LIGHT VEHICLES ONLY,NONE,COUNCIL
1828,Australia Day Park - Barraba,2,64,,0.3km North of Barraba,63,QUEEN STREET,-30.37537,150.61136,FALSE,FALSE,FALSE,FALSE,FALSE,FALSE,FALSE,FALSE,FALSE,TRUE,FALSE,FALSE,FALSE,TRUE,FALSE,FALSE,FALSE,FALSE,TRUE,RIGHT,,FALSE,0,FALSE,FALSE,LIGHT VEHICLES ONLY,TOWN SUPPLY,COUNCIL
1829,Lillis Lane - Barraba Show Ground,2,64,,1.1km North of Barraba,63,QUEEN STREET,-30.3708,150.60699,FALSE,FALSE,FALSE,FALSE,FALSE,FALSE,FALSE,FALSE,FALSE,TRUE,FALSE,FALSE,FALSE,TRUE,FALSE,FALSE,FALSE,FALSE,TRUE,RIGHT,,FALSE,2,FALSE,FALSE,BOTH LIGHT AND HEAVY VEHICLES,NONE,COUNCIL
1833,Dorrigo Bielsdown River,2,7,,0.2km West of Dorrigo,76,CUDGERY STREET,-30.3398,152.709,FALSE,FALSE,FALSE,FALSE,FALSE,FALSE,FALSE,FALSE,FALSE,TRUE,FALSE,FALSE,FALSE,TRUE,TRUE,FALSE,FALSE,FALSE,TRUE,LEFT,,FALSE,2,FALSE,FALSE,LIGHT VEHICLES ONLY,NONE,COUNCIL
1837,Wiangaree Town Rest Area,2,41,,14.1km North of Kyogle,83,SUMMERLAND WAY,-28.5063,152.967,FALSE,FALSE,FALSE,FALSE,FALSE,FALSE,FALSE,FALSE,FALSE,TRUE,FALSE,FALSE,FALSE,TRUE,FALSE,FALSE,FALSE,FALSE,TRUE,LEFT,,FALSE,0,FALSE,FALSE,BOTH LIGHT AND HEAVY VEHICLES,NONE,COUNCIL
1838,Rotary Park - Tenterfield,2,77,,1.0km North of Tenterfield,9,ROUSE ST,-29.04633,152.02049,FALSE,FALSE,TRUE,FALSE,FALSE,FALSE,FALSE,FALSE,FALSE,TRUE,TRUE,FALSE,FALSE,TRUE,TRUE,FALSE,FALSE,TRUE,TRUE,LEFT,,FALSE,4,FALSE,TRUE,LIGHT VEHICLES ONLY,RAINWATER TANK,COUNCIL
1843,Kyogle Apex Park,2,39,,0.2km North of Kyogle,83,SUMMERLAND WAY,-28.6166,153.002,TRUE,FALSE,TRUE,FALSE,FALSE,FALSE,FALSE,FALSE,FALSE,TRUE,TRUE,FALSE,FALSE,TRUE,TRUE,FALSE,FALSE,FALSE,TRUE,LEFT,,FALSE,0,FALSE,FALSE,LIGHT VEHICLES ONLY,NONE,COUNCIL
1851,Coffs Harbour Moonee Street Tourist Park,2,22,,110.17km North of Kempsey,10,GRAFTON STREET,-30.2999,153.11099,TRUE,FALSE,FALSE,FALSE,FALSE,FALSE,TRUE,FALSE,FALSE,TRUE,TRUE,FALSE,FALSE,TRUE,FALSE,FALSE,FALSE,FALSE,TRUE,LEFT,,FALSE,4,FALSE,FALSE,LIGHT VEHICLES ONLY,TOWN SUPPLY,COUNCIL
1852,South Coffs Harbour Service Centre,1,22,,106.78km North of Kempsey,10,PACIFIC HIGHWAY,-30.3188,153.09,FALSE,FALSE,FALSE,FALSE,FALSE,FALSE,FALSE,FALSE,FALSE,FALSE,FALSE,FALSE,FALSE,FALSE,FALSE,FALSE,FALSE,FALSE,TRUE,LEFT,,FALSE,1,FALSE,FALSE,BOTH LIGHT AND HEAVY VEHICLES,NONE,OTHER
1864,Quota Park,2,1,,122.0km West of Dorrigo,76,WATERFALL WAY,-30.5243,151.69156,FALSE,FALSE,FALSE,FALSE,FALSE,FALSE,FALSE,FALSE,FALSE,TRUE,FALSE,FALSE,FALSE,TRUE,FALSE,FALSE,FALSE,FALSE,TRUE,LEFT,OPEN,FALSE,0,FALSE,FALSE,LIGHT VEHICLES ONLY,NONE,COUNCIL
1865,Armidale City McDonald Park,2,1,,123.9km West of Dorrigo,76,BARNEY STREET,-30.51858,151.67155,TRUE,FALSE,TRUE,FALSE,FALSE,FALSE,FALSE,FALSE,FALSE,TRUE,FALSE,FALSE,FALSE,TRUE,TRUE,TRUE,TRUE,TRUE,TRUE,LEFT,,FALSE,2,FALSE,TRUE,LIGHT VEHICLES ONLY,TOWN SUPPLY,COUNCIL
1886,Oak Street,3,7,,1.3km West of Dorrigo,76,WATERFALL WAY,-30.3414,152.7005,FALSE,FALSE,FALSE,FALSE,FALSE,FALSE,FALSE,FALSE,FALSE,TRUE,FALSE,FALSE,FALSE,FALSE,FALSE,FALSE,FALSE,FALSE,TRUE,LEFT,,FALSE,0,FALSE,FALSE,LIGHT VEHICLES ONLY,NONE,COUNCIL
1901,Coraki-Casino Road Junction,2,56,,92.6km North of Grafton,10,URALBA STREET,-29.0735,153.33878,FALSE,FALSE,FALSE,FALSE,TRUE,FALSE,FALSE,FALSE,FALSE,TRUE,TRUE,FALSE,FALSE,FALSE,TRUE,FALSE,FALSE,FALSE,TRUE,LEFT,,FALSE,2,FALSE,FALSE,BOTH LIGHT AND HEAVY VEHICLES,NONE,COUNCIL
1902,Woodburn Riverside Park,2,56,,92.8km North of Grafton,10,RIVER STREET,-29.07149,153.34308,TRUE,FALSE,FALSE,FALSE,FALSE,FALSE,FALSE,FALSE,FALSE,TRUE,TRUE,FALSE,FALSE,TRUE,FALSE,FALSE,FALSE,FALSE,TRUE,LEFT,,FALSE,7,FALSE,FALSE,BOTH LIGHT AND HEAVY VEHICLES,RAINWATER TANK,COUNCIL
1905,Dandahra Picnic Area,2,57,,90.8km West of Grafton,12,GWYDIR HIGHWAY,-29.5148,152.313,TRUE,FALSE,FALSE,FALSE,FALSE,FALSE,TRUE,FALSE,FALSE,FALSE,FALSE,FALSE,FALSE,TRUE,FALSE,FALSE,FALSE,TRUE,TRUE,LEFT,,FALSE,4,FALSE,TRUE,LIGHT VEHICLES ONLY,OTHER,NATIONAL PARKS AND WILDLIFE SERVICE
1906,Beardy Waters Bridge,2,58,,152.6km West Grafton,12,GWYDIR HIGHWAY,-29.7239,151.78799,FALSE,FALSE,FALSE,FALSE,FALSE,FALSE,FALSE,FALSE,FALSE,TRUE,FALSE,FALSE,FALSE,TRUE,FALSE,FALSE,FALSE,FALSE,TRUE,RIGHT,OPEN,FALSE,0,FALSE,FALSE,LIGHT VEHICLES ONLY,OTHER,RMS
1918,Kooligun Nature Walk,2,29,,59.3km West of Inverell,12,GWYDIR HIGHWAY,-29.5498,150.591,FALSE,FALSE,FALSE,FALSE,TRUE,FALSE,FALSE,FALSE,FALSE,FALSE,FALSE,FALSE,FALSE,TRUE,FALSE,FALSE,FALSE,FALSE,TRUE,LEFT,,FALSE,0,FALSE,FALSE,LIGHT VEHICLES ONLY,NONE,COUNCIL
1919,Andersons Creek - The Ponds Comp,2,28,,31.7km North of Barraba,63,TAMWORTH-YETMAN RD,-30.1108,150.59801,FALSE,FALSE,FALSE,FALSE,FALSE,FALSE,FALSE,FALSE,FALSE,TRUE,FALSE,FALSE,FALSE,TRUE,FALSE,FALSE,FALSE,FALSE,TRUE,LEFT,OPEN,FALSE,0,FALSE,FALSE,BOTH LIGHT AND HEAVY VEHICLES,RAINWATER TANK,RMS
1920,Inverell Runnymede Drive,2,33,,63.5km West of Glen Innes,12,GWYDIR HIGHWAY,-29.7809,151.146,FALSE,FALSE,FALSE,FALSE,FALSE,FALSE,FALSE,FALSE,FALSE,TRUE,FALSE,FALSE,FALSE,TRUE,FALSE,FALSE,FALSE,FALSE,TRUE,RIGHT,,FALSE,0,FALSE,FALSE,BOTH LIGHT AND HEAVY VEHICLES,NONE,COUNCIL
1921,Bundarra Road - Cunningham Park,2,26,,0.8km North of Bingara,63,EAST STREET,-29.864,150.576,TRUE,FALSE,TRUE,FALSE,FALSE,FALSE,FALSE,FALSE,FALSE,TRUE,FALSE,FALSE,FALSE,TRUE,TRUE,FALSE,FALSE,FALSE,TRUE,RIGHT,,FALSE,2,FALSE,FALSE,LIGHT VEHICLES ONLY,TOWN SUPPLY,COUNCIL
1922,Glen Innes East Avenue,2,58,,0.6km West of Glen Innes,12,FERGUSON STREET,-29.7349,151.73437,TRUE,FALSE,TRUE,FALSE,FALSE,FALSE,FALSE,FALSE,FALSE,TRUE,FALSE,FALSE,FALSE,TRUE,FALSE,FALSE,FALSE,FALSE,TRUE,RIGHT,,FALSE,2,FALSE,FALSE,BOTH LIGHT AND HEAVY VEHICLES,WATER TRUCK,COUNCIL
1924,White Street Park - Bingara,2,26,CWA MEMORIAL DRIVE AND BUS STOP,1.3km North of Bingara,63,TAMWORTH-YETMAN RD,-29.8608,150.57384,FALSE,FALSE,FALSE,FALSE,FALSE,FALSE,FALSE,FALSE,FALSE,TRUE,FALSE,FALSE,FALSE,TRUE,FALSE,FALSE,FALSE,FALSE,TRUE,LEFT,,FALSE,0,FALSE,FALSE,BOTH LIGHT AND HEAVY VEHICLES,TOWN SUPPLY,COUNCIL
1929,First Fleet Memorial Garden Wallabadah,2,45,,102.1km from Muswellbrook,9,NEW ENGLAND HIGHWAY,-31.53822,150.83136,TRUE,FALSE,TRUE,FALSE,FALSE,FALSE,FALSE,FALSE,FALSE,TRUE,FALSE,FALSE,FALSE,TRUE,TRUE,FALSE,FALSE,TRUE,TRUE,LEFT,,FALSE,1,FALSE,TRUE,LIGHT VEHICLES ONLY,RAINWATER TANK,COUNCIL
1931,Truck Driver Memorial - Tamworth,2,68,,6.5km South of Tamworth,9,NEW ENGLAND HIGHWAY,-31.1319,150.924,FALSE,FALSE,FALSE,FALSE,FALSE,FALSE,FALSE,FALSE,FALSE,FALSE,FALSE,FALSE,FALSE,TRUE,FALSE,FALSE,FALSE,FALSE,TRUE,LEFT,,FALSE,0,FALSE,FALSE,HEAVY VEHICLES ONLY,NONE,COUNCIL
1960,Captain Cook Park Rest Area,2,81,,163.0km West of Wauchope,11,OXLEY HIGHWAY,-30.98558,151.59488,FALSE,FALSE,FALSE,FALSE,FALSE,FALSE,FALSE,FALSE,FALSE,TRUE,FALSE,FALSE,FALSE,FALSE,FALSE,FALSE,FALSE,FALSE,TRUE,LEFT,,FALSE,0,FALSE,FALSE,LIGHT VEHICLES ONLY,NONE,COUNCIL
1961,McHatten Park,2,81,,0.2km West of Walcha,11,FITZROY STREET,-30.9851,151.59135,FALSE,FALSE,FALSE,FALSE,FALSE,FALSE,FALSE,FALSE,FALSE,FALSE,FALSE,FALSE,FALSE,FALSE,FALSE,FALSE,FALSE,FALSE,TRUE,LEFT,,FALSE,0,FALSE,FALSE,LIGHT VEHICLES ONLY,NONE,COUNCIL
1962,Lions Park - Walcha,2,81,,1.1km West of Walcha,11,FITZROY STREET,-30.98344,151.58181,FALSE,FALSE,TRUE,FALSE,FALSE,FALSE,FALSE,FALSE,FALSE,TRUE,FALSE,FALSE,FALSE,TRUE,TRUE,FALSE,FALSE,TRUE,TRUE,RIGHT,,FALSE,2,FALSE,TRUE,LIGHT VEHICLES ONLY,TOWN SUPPLY,COUNCIL
1968,Federation Park - Kootingal,2,70,,17.2km North of Tamworth,9,NEW ENGLAND HIGHWAY,-31.0441,151.056,FALSE,FALSE,FALSE,FALSE,FALSE,FALSE,FALSE,FALSE,FALSE,FALSE,FALSE,FALSE,FALSE,TRUE,FALSE,FALSE,FALSE,TRUE,TRUE,RIGHT,,FALSE,0,FALSE,TRUE,LIGHT VEHICLES ONLY,NONE,COUNCIL
1969,Moonbi,2,71,,21.860km North of Tamworth,9,NEW ENGLAND HIGHWAY,-31.019,151.07001,TRUE,FALSE,TRUE,FALSE,FALSE,FALSE,FALSE,FALSE,FALSE,TRUE,FALSE,FALSE,FALSE,TRUE,TRUE,FALSE,FALSE,TRUE,TRUE,LEFT,,FALSE,1,FALSE,TRUE,LIGHT VEHICLES ONLY,NONE,COUNCIL
1970,Barley Fields Road - Uralla,2,80,,87.8km North of Tamworth,9,BRIDGE STREET,-30.63876,151.50675,FALSE,FALSE,TRUE,FALSE,FALSE,FALSE,FALSE,FALSE,FALSE,TRUE,FALSE,FALSE,FALSE,TRUE,FALSE,FALSE,FALSE,FALSE,TRUE,RIGHT,,FALSE,0,FALSE,FALSE,LIGHT VEHICLES ONLY,NONE,COUNCIL
1992,Big Banana,2,22,,,10,PACIFIC HIGHWAY,-30.27398,153.13301,FALSE,FALSE,FALSE,FALSE,FALSE,FALSE,FALSE,TRUE,FALSE,TRUE,FALSE,TRUE,FALSE,TRUE,FALSE,FALSE,FALSE,FALSE,FALSE,LEFT,OPEN,FALSE,1,TRUE,FALSE,LIGHT VEHICLES ONLY,,PRIVATE
2004,Back Creek - South Bound,3,86,,19km from West Wyalong and  86km to Forbes,17,NEWELL HIGHWAY,-33.85606,147.37711,FALSE,FALSE,FALSE,FALSE,FALSE,FALSE,FALSE,FALSE,FALSE,TRUE,FALSE,FALSE,FALSE,FALSE,FALSE,FALSE,FALSE,FALSE,TRUE,RIGHT,,FALSE,0,FALSE,FALSE,BOTH LIGHT AND HEAVY VEHICLES,NONE,RMS
2007,Glencoe Northbound,5,59,,80.6km North of Armidale,9,NEW ENGLAND HIGHWAY,-29.92242,151.72421,TRUE,FALSE,FALSE,FALSE,FALSE,FALSE,FALSE,FALSE,FALSE,TRUE,FALSE,FALSE,FALSE,FALSE,FALSE,FALSE,FALSE,FALSE,TRUE,LEFT,,FALSE,0,FALSE,FALSE,BOTH LIGHT AND HEAVY VEHICLES,NONE,RMS
2008,20 Mile Gums,3,119,,223km from West Wyalong and  32km to Hay,6,MID WESTERN HIGHWAY,-34.3321,145.06648,FALSE,FALSE,FALSE,FALSE,FALSE,FALSE,FALSE,FALSE,FALSE,TRUE,FALSE,FALSE,FALSE,FALSE,FALSE,FALSE,FALSE,FALSE,TRUE,LEFT,,FALSE,0,FALSE,FALSE,BOTH LIGHT AND HEAVY VEHICLES,NONE,RMS
2012,Bicenteninal Park Rest Area,2,109,,17km from Culcairn and  61km to Wagga Wagga,78,RAILWAY PDE,-35.51924,147.03613,FALSE,FALSE,TRUE,FALSE,FALSE,FALSE,FALSE,FALSE,FALSE,TRUE,TRUE,FALSE,FALSE,TRUE,TRUE,FALSE,FALSE,TRUE,TRUE,LEFT,,FALSE,4,FALSE,TRUE,BOTH LIGHT AND HEAVY VEHICLES,OTHER,COUNCIL
3001,North of Tookey Ck Truck Park,3,344,,46.2km South of Moree,17,NEWELL HIGHWAY,-29.85596,149.78863,FALSE,FALSE,FALSE,FALSE,FALSE,FALSE,FALSE,FALSE,FALSE,TRUE,FALSE,FALSE,FALSE,FALSE,FALSE,FALSE,FALSE,FALSE,TRUE,LEFT,,FALSE,0,FALSE,FALSE,HEAVY VEHICLES ONLY,NONE,RMS
3010,Truck Parking Cutting RHS,3,150,,37km from Gundagai and  44km to Wagga Wagga,14,STURT HIGHWAY,-35.21796,147.78943,TRUE,FALSE,FALSE,FALSE,FALSE,FALSE,FALSE,FALSE,FALSE,TRUE,FALSE,FALSE,FALSE,FALSE,FALSE,FALSE,FALSE,FALSE,TRUE,RIGHT,,FALSE,0,FALSE,FALSE,HEAVY VEHICLES ONLY,NONE,RMS
3012,Truck Parking Cutting LHS,3,150,,37km from Gundagai and  44km to Wagga Wagga,14,STURT HIGHWAY,-35.21796,147.78943,TRUE,FALSE,FALSE,FALSE,FALSE,FALSE,FALSE,FALSE,FALSE,TRUE,FALSE,FALSE,FALSE,FALSE,FALSE,FALSE,FALSE,FALSE,TRUE,LEFT,,FALSE,0,FALSE,FALSE,HEAVY VEHICLES ONLY,NONE,RMS
3014,Zinder Park Rest Area,3,84,,67km from Balranald and 12km to Euston,14,STURT HIGHWAY,-34.51414,142.8482,FALSE,FALSE,FALSE,FALSE,FALSE,FALSE,FALSE,FALSE,FALSE,TRUE,FALSE,FALSE,FALSE,TRUE,FALSE,FALSE,FALSE,TRUE,TRUE,RIGHT,OPEN,FALSE,0,FALSE,TRUE,HEAVY VEHICLES ONLY,NONE,RMS
3017,Yalgogrin Rest Area,2,88,,36km from West Wyalong and 220km to Hay,6,MID WESTERN HIGHWAY,-33.84466,146.82883,FALSE,FALSE,FALSE,FALSE,FALSE,FALSE,FALSE,FALSE,FALSE,TRUE,FALSE,FALSE,FALSE,TRUE,FALSE,FALSE,FALSE,TRUE,TRUE,LEFT,,FALSE,0,FALSE,TRUE,LIGHT VEHICLES ONLY,NONE,RMS
3019,Bunnerungee Rest Area,2,152,,67km from Wentworth and  200km to Broken Hill,22,SILVER CITY HIGHWAY,-33.58071,141.75593,FALSE,FALSE,FALSE,FALSE,FALSE,FALSE,FALSE,FALSE,FALSE,TRUE,FALSE,FALSE,FALSE,FALSE,FALSE,FALSE,FALSE,FALSE,TRUE,RIGHT,OPEN,FALSE,1,FALSE,FALSE,LIGHT VEHICLES ONLY,NONE,RMS
3021,Appin Rd EB Truck Parking Facility,2,216,,10km East of Appin,177,APPIN RD,-34.25499,150.86906,TRUE,FALSE,FALSE,FALSE,FALSE,FALSE,FALSE,FALSE,FALSE,TRUE,TRUE,FALSE,FALSE,TRUE,FALSE,FALSE,FALSE,TRUE,TRUE,RIGHT,,FALSE,2,FALSE,TRUE,BOTH LIGHT AND HEAVY VEHICLES,RAINWATER TANK,RMS
3022,MILTON 2,2,110,,109km from Gundagai and  71km to Albury,2,HUME HIGHWAY,-35.6818,147.36277,FALSE,FALSE,FALSE,FALSE,FALSE,FALSE,FALSE,FALSE,FALSE,TRUE,TRUE,FALSE,FALSE,TRUE,FALSE,FALSE,FALSE,FALSE,TRUE,RIGHT,,FALSE,5,FALSE,FALSE,BOTH LIGHT AND HEAVY VEHICLES,WATER TRUCK,RMS
3023,Blue Metal Rest Area,2,115,,134km from Gundagai and  46km to Albury,2,HUME HIGHWAY,-35.84447,147.19783,TRUE,FALSE,FALSE,FALSE,FALSE,FALSE,FALSE,FALSE,FALSE,TRUE,TRUE,FALSE,FALSE,TRUE,FALSE,TRUE,TRUE,TRUE,TRUE,LEFT,,FALSE,5,FALSE,TRUE,BOTH LIGHT AND HEAVY VEHICLES,BORE WATER,RMS
3024,Four Mile Creek Rest Area,2,115,,134km from Gundagai and  46km to Albury,2,HUME HIGHWAY,-35.83944,147.2031,FALSE,FALSE,FALSE,FALSE,FALSE,FALSE,FALSE,FALSE,FALSE,TRUE,TRUE,FALSE,FALSE,TRUE,FALSE,FALSE,FALSE,FALSE,TRUE,RIGHT,,FALSE,5,FALSE,FALSE,BOTH LIGHT AND HEAVY VEHICLES,RAINWATER TANK,RMS
3025,Long Paddock Visitors Site,3,129,,27km from Echuca (VIC) and  49km to Deniliquin,21,COBB HIGHWAY,-35.93408,144.89815,FALSE,FALSE,FALSE,FALSE,FALSE,FALSE,FALSE,FALSE,FALSE,FALSE,FALSE,FALSE,FALSE,FALSE,FALSE,FALSE,FALSE,FALSE,TRUE,RIGHT,,FALSE,0,FALSE,FALSE,LIGHT VEHICLES ONLY,NONE,OTHER
3026,Mathoura Rest Area,2,129,,41km from Echuca (VIC) and  35km to Deniliquin,21,MOAMA ST,-35.81192,144.90219,FALSE,FALSE,TRUE,FALSE,FALSE,FALSE,FALSE,FALSE,FALSE,TRUE,TRUE,FALSE,FALSE,TRUE,FALSE,TRUE,TRUE,TRUE,TRUE,LEFT,,FALSE,2,FALSE,TRUE,LIGHT VEHICLES ONLY,TOWN SUPPLY,COUNCIL
3031,Deniliquin Information Bay,2,103,,72km from Echuca(VIC) and 4km to Deniliquin,21,OCHTERTYRE ST,-35.55035,144.95769,FALSE,FALSE,FALSE,FALSE,FALSE,FALSE,FALSE,FALSE,FALSE,TRUE,FALSE,FALSE,FALSE,FALSE,FALSE,FALSE,FALSE,TRUE,TRUE,LEFT,,FALSE,0,FALSE,TRUE,LIGHT VEHICLES ONLY,NONE,RMS
3032,Deni Rest Area,2,103,,1km from Deniliquin and 121km to Hay,21,DAVIDSON ST,-35.52487,144.97775,FALSE,FALSE,TRUE,FALSE,FALSE,FALSE,FALSE,FALSE,FALSE,TRUE,TRUE,FALSE,FALSE,TRUE,FALSE,FALSE,FALSE,TRUE,TRUE,RIGHT,,FALSE,2,FALSE,TRUE,BOTH LIGHT AND HEAVY VEHICLES,NONE,OTHER
3034,Gerogery Rest Area,2,108,,30km from Albury and  19km to Culcairn,78,OLYMPIC HIGHWAY,-35.83592,146.99472,FALSE,FALSE,TRUE,FALSE,FALSE,FALSE,FALSE,FALSE,FALSE,TRUE,TRUE,FALSE,FALSE,TRUE,TRUE,TRUE,TRUE,TRUE,TRUE,LEFT,,FALSE,1,FALSE,TRUE,LIGHT VEHICLES ONLY,TOWN SUPPLY,COUNCIL
3035,Eric Thomas Park,2,107,,0km from Culcairn and 77km to Wagga Wagga,78,MELVILLE ST,-35.66648,147.03889,FALSE,FALSE,FALSE,FALSE,FALSE,FALSE,FALSE,FALSE,FALSE,TRUE,TRUE,FALSE,FALSE,TRUE,TRUE,FALSE,FALSE,TRUE,TRUE,LEFT,,FALSE,0,FALSE,TRUE,LIGHT VEHICLES ONLY,NONE,COUNCIL
3037,Illabo Rest Area,2,126,,17km from Junee and 36km to Cootamundra,78,OLYMPIC HIGHWAY,-34.81573,147.73869,FALSE,FALSE,FALSE,FALSE,FALSE,FALSE,FALSE,FALSE,FALSE,TRUE,TRUE,FALSE,FALSE,TRUE,FALSE,FALSE,FALSE,TRUE,TRUE,RIGHT,,FALSE,1,FALSE,TRUE,BOTH LIGHT AND HEAVY VEHICLES,TOWN SUPPLY,COUNCIL
3038,Willowvale,2,128,,91 km from Hay and 40km to Balranald,14,STURT HIGHWAY,-34.72314,143.92719,TRUE,FALSE,FALSE,FALSE,FALSE,FALSE,FALSE,FALSE,FALSE,TRUE,TRUE,FALSE,FALSE,TRUE,FALSE,FALSE,FALSE,FALSE,TRUE,RIGHT,OPEN,FALSE,2,FALSE,FALSE,BOTH LIGHT AND HEAVY VEHICLES,WATER TRUCK,RMS
3043,Migurra Reserve,3,99,,37km from Junee and  15km to Cootamundra,78,OLYMPIC HIGHWAY,-34.71983,147.90429,FALSE,FALSE,FALSE,FALSE,FALSE,FALSE,FALSE,FALSE,FALSE,TRUE,FALSE,FALSE,FALSE,TRUE,FALSE,FALSE,FALSE,TRUE,TRUE,LEFT,,FALSE,0,FALSE,TRUE,BOTH LIGHT AND HEAVY VEHICLES,NONE,COUNCIL
3069,Hume Weir Park,2,82,,1km from  Bethanga  and 15km to Albury,20,RIVERINA HIGHWAY,-36.08942,147.0495,FALSE,FALSE,TRUE,FALSE,FALSE,FALSE,FALSE,FALSE,FALSE,TRUE,TRUE,FALSE,FALSE,TRUE,FALSE,FALSE,FALSE,TRUE,TRUE,LEFT,,FALSE,4,FALSE,TRUE,LIGHT VEHICLES ONLY,TOWN SUPPLY,COUNCIL
3076,Jubilee Park,2,107,,49km from Albury and 0km to Culcairn,78,OLYMPIC HIGHWAY,-35.672,147.0361,TRUE,FALSE,TRUE,FALSE,FALSE,FALSE,FALSE,FALSE,FALSE,TRUE,TRUE,FALSE,FALSE,TRUE,TRUE,FALSE,FALSE,FALSE,TRUE,LEFT,,FALSE,2,FALSE,FALSE,LIGHT VEHICLES ONLY,TOWN SUPPLY,COUNCIL
3095,Cooinda Park,2,91,,3km from West Wyalong and 101km to Forbes,17,NEELD ST,-33.92431,147.2342,TRUE,FALSE,TRUE,FALSE,FALSE,FALSE,FALSE,FALSE,FALSE,TRUE,TRUE,FALSE,FALSE,TRUE,FALSE,FALSE,FALSE,TRUE,TRUE,LEFT,,FALSE,4,FALSE,TRUE,LIGHT VEHICLES ONLY,TOWN SUPPLY,COUNCIL
3101,Yelgun,2,11,,49.0km North of Ballina,10,PACIFIC HIGHWAY,-28.49192,153.52283,TRUE,FALSE,FALSE,FALSE,FALSE,FALSE,FALSE,FALSE,FALSE,TRUE,TRUE,FALSE,FALSE,TRUE,TRUE,FALSE,FALSE,TRUE,TRUE,RIGHT,OPEN,FALSE,4,TRUE,TRUE,BOTH LIGHT AND HEAVY VEHICLES,TOWN SUPPLY,RMS
3110,Benanee Lake,2,84,,65km from Balranald and 15km to Euston,14,STURT HIGHWAY,-34.51901,142.87618,FALSE,TRUE,FALSE,TRUE,FALSE,FALSE,FALSE,FALSE,FALSE,TRUE,FALSE,FALSE,FALSE,TRUE,FALSE,FALSE,FALSE,TRUE,TRUE,LEFT,OPEN,FALSE,4,FALSE,TRUE,LIGHT VEHICLES ONLY,TOWN SUPPLY,COUNCIL
3125,"KIDMAN WAY, GOOLGOWI",3,92,,50km from Griffith and 60km to Hillston,80,KIDMAN WAY,-33.98441,145.70999,FALSE,FALSE,FALSE,FALSE,FALSE,FALSE,FALSE,FALSE,FALSE,TRUE,FALSE,FALSE,FALSE,FALSE,FALSE,FALSE,FALSE,FALSE,TRUE,RIGHT,,FALSE,0,FALSE,FALSE,BOTH LIGHT AND HEAVY VEHICLES,NONE,RMS
3128,Sunset Viewing Area,3,119,,15km from Hay and 193km to Ivanhoe,21,COBB HIGHWAY,-34.37169,144.81354,FALSE,FALSE,FALSE,FALSE,FALSE,FALSE,FALSE,FALSE,FALSE,FALSE,FALSE,FALSE,FALSE,TRUE,FALSE,FALSE,FALSE,FALSE,TRUE,LEFT,,FALSE,0,FALSE,FALSE,LIGHT VEHICLES ONLY,NONE,RMS
3129,Jumping Sandhills,3,117,,127km from Hay  and  81km to Ivanhoe,21,COBB HIGHWAY,-33.50036,144.72297,FALSE,FALSE,FALSE,FALSE,FALSE,FALSE,FALSE,FALSE,FALSE,FALSE,FALSE,FALSE,FALSE,FALSE,FALSE,FALSE,FALSE,FALSE,TRUE,RIGHT,,FALSE,0,FALSE,FALSE,LIGHT VEHICLES ONLY,NONE,RMS
3195,Bombala Rest Area S/B,2,192,,At Bombala,19,MAHRATTA ST,-36.90849,149.23914,FALSE,FALSE,FALSE,FALSE,FALSE,FALSE,FALSE,FALSE,FALSE,TRUE,FALSE,FALSE,FALSE,TRUE,TRUE,FALSE,FALSE,FALSE,TRUE,RIGHT,,FALSE,4,FALSE,FALSE,LIGHT VEHICLES ONLY,NONE,COUNCIL
3196,south of Bombala Truck Parking,3,192,,At Bombala,19,MAHRATTA ST,-36.90754,149.23947,FALSE,FALSE,FALSE,FALSE,FALSE,FALSE,FALSE,FALSE,FALSE,FALSE,FALSE,FALSE,FALSE,FALSE,FALSE,FALSE,FALSE,FALSE,TRUE,LEFT,,FALSE,0,FALSE,FALSE,HEAVY VEHICLES ONLY,NONE,RMS
3197,Truck park opp Bombala Historic Engine,3,192,,At Bombala,19,MAHRATTA ST,-36.90654,149.24121,FALSE,FALSE,FALSE,FALSE,FALSE,FALSE,FALSE,FALSE,FALSE,FALSE,FALSE,FALSE,FALSE,FALSE,FALSE,FALSE,FALSE,FALSE,TRUE,RIGHT,,FALSE,0,FALSE,FALSE,HEAVY VEHICLES ONLY,NONE,RMS
3207,Truck Parking near Lake Williams S/B,3,200,,At Nimmitabel,19,BOMBALA ST,-36.51496,149.28275,FALSE,FALSE,FALSE,FALSE,FALSE,FALSE,FALSE,FALSE,FALSE,FALSE,FALSE,FALSE,FALSE,FALSE,FALSE,FALSE,FALSE,FALSE,TRUE,LEFT,,FALSE,0,FALSE,FALSE,HEAVY VEHICLES ONLY,NONE,RMS
3208,Truck Parking near Lake Williams N/B,3,200,,At Nimmitabel,19,BOMBALA ST,-36.51493,149.28253,FALSE,FALSE,FALSE,FALSE,FALSE,FALSE,FALSE,FALSE,FALSE,FALSE,FALSE,FALSE,FALSE,FALSE,FALSE,FALSE,FALSE,FALSE,TRUE,RIGHT,,FALSE,0,FALSE,FALSE,HEAVY VEHICLES ONLY,NONE,RMS
3238,Appin Park,2,214,,At Appin,177,APPIN RD,-34.19944,150.78889,FALSE,FALSE,TRUE,FALSE,FALSE,FALSE,FALSE,FALSE,FALSE,TRUE,FALSE,FALSE,FALSE,TRUE,TRUE,FALSE,FALSE,TRUE,TRUE,RIGHT,,FALSE,4,FALSE,TRUE,LIGHT VEHICLES ONLY,TOWN SUPPLY,COUNCIL
3247,Jindabyne Surge Tank Lookout E/B,2,199,,13km North of Jindabyne,286,KOSCIUSZKO ROAD,-36.34213,148.58031,FALSE,FALSE,FALSE,FALSE,FALSE,FALSE,FALSE,FALSE,FALSE,FALSE,FALSE,TRUE,FALSE,FALSE,FALSE,FALSE,FALSE,FALSE,TRUE,LEFT,,FALSE,0,FALSE,FALSE,LIGHT VEHICLES ONLY,NONE,NATIONAL PARKS AND WILDLIFE SERVICE
3258,Parking area Otford Pie Shop,3,224,,4km North of Stanwell Park,393,LADY WAKEHURST DR,-34.21162,151.01025,FALSE,FALSE,FALSE,FALSE,FALSE,FALSE,FALSE,FALSE,FALSE,TRUE,FALSE,FALSE,FALSE,FALSE,FALSE,FALSE,FALSE,FALSE,TRUE,RIGHT,,FALSE,0,FALSE,FALSE,BOTH LIGHT AND HEAVY VEHICLES,NONE,RMS
3259,Parking area Otford,3,224,,4km North of Stanwell Park,393,LADY WAKEHURST DR,-34.21156,151.01042,FALSE,FALSE,FALSE,FALSE,FALSE,FALSE,FALSE,FALSE,FALSE,TRUE,FALSE,FALSE,FALSE,FALSE,FALSE,FALSE,FALSE,FALSE,TRUE,RIGHT,,FALSE,0,FALSE,FALSE,BOTH LIGHT AND HEAVY VEHICLES,NONE,RMS
3260,Parking area Otford Lookout,3,224,,4km North of Stanwell Park,393,LADY WAKEHURST DR,-34.21072,151.01109,FALSE,FALSE,FALSE,FALSE,FALSE,FALSE,FALSE,FALSE,FALSE,FALSE,FALSE,TRUE,FALSE,FALSE,FALSE,FALSE,FALSE,FALSE,TRUE,RIGHT,,FALSE,0,FALSE,FALSE,LIGHT VEHICLES ONLY,NONE,RMS
3282,Bundjalung - Devils Pulpit SF,2,19,,67.9km North of Grafton,10,PACIFIC HIGHWAY,-29.26235,153.2304,TRUE,FALSE,FALSE,FALSE,FALSE,FALSE,FALSE,FALSE,FALSE,TRUE,TRUE,FALSE,FALSE,TRUE,FALSE,FALSE,FALSE,FALSE,TRUE,LEFT,OPEN,FALSE,3,FALSE,FALSE,BOTH LIGHT AND HEAVY VEHICLES,WATER TRUCK,RMS
3301,War Memorial Park - Bendemeer,2,65,,39.3km North of Tamworth,9,NEW ENGLAND HIGHWAY,-30.87966,151.1575,FALSE,FALSE,FALSE,FALSE,FALSE,FALSE,FALSE,FALSE,FALSE,TRUE,FALSE,FALSE,FALSE,TRUE,FALSE,FALSE,FALSE,TRUE,TRUE,LEFT,,FALSE,1,FALSE,TRUE,LIGHT VEHICLES ONLY,TOWN SUPPLY,COUNCIL
3303,Guyra,2,3,,41.72Km North of Armidale,9,MALPAS STREET,-30.21905,151.67266,FALSE,FALSE,TRUE,FALSE,FALSE,FALSE,FALSE,FALSE,FALSE,TRUE,TRUE,FALSE,FALSE,TRUE,TRUE,FALSE,FALSE,TRUE,TRUE,LEFT,,FALSE,3,FALSE,TRUE,LIGHT VEHICLES ONLY,TOWN SUPPLY,COUNCIL
3315,BOOROWA DRIVER REVIVER SITE,2,123,,,56,MARSDEN ST,-34.43873,148.71591,FALSE,TRUE,TRUE,FALSE,FALSE,TRUE,FALSE,FALSE,FALSE,TRUE,TRUE,FALSE,FALSE,TRUE,FALSE,FALSE,FALSE,FALSE,TRUE,LEFT,,FALSE,7,FALSE,FALSE,LIGHT VEHICLES ONLY,TOWN SUPPLY,COUNCIL
3316,Borella VC Rest Area,2,113,,28km from Albury and 146km to Gundagai,2,HUME HIGHWAY,-35.91557,147.10223,TRUE,FALSE,FALSE,FALSE,FALSE,FALSE,FALSE,FALSE,FALSE,TRUE,TRUE,FALSE,FALSE,TRUE,FALSE,TRUE,TRUE,FALSE,FALSE,RIGHT,OPEN,FALSE,5,FALSE,FALSE,BOTH LIGHT AND HEAVY VEHICLES,NONE,RMS
4002,ROSES PARK,2,10,,14.2km West of Bellingen,76,WATERFALL WAY,-30.42617,152.77913,FALSE,FALSE,FALSE,FALSE,FALSE,FALSE,FALSE,FALSE,FALSE,TRUE,FALSE,FALSE,FALSE,TRUE,FALSE,FALSE,FALSE,TRUE,TRUE,RIGHT,,FALSE,2,FALSE,TRUE,LIGHT VEHICLES ONLY,SOURCE UNKNOWN,COUNCIL
4005,Kempsey South Service Centre,1,38,SOUTH KEMPSEY SERVICE CENTRE,113km north of Taree,10,Pacific Highway,-31.12917,152.82736,FALSE,FALSE,FALSE,FALSE,FALSE,FALSE,FALSE,FALSE,FALSE,TRUE,FALSE,FALSE,FALSE,FALSE,FALSE,FALSE,FALSE,FALSE,FALSE,RIGHT,,FALSE,1,FALSE,FALSE,BOTH LIGHT AND HEAVY VEHICLES,TOWN SUPPLY,OTHER
4006,Port Macquarie Service Centre,1,51,,10.1km from Port Macquarie,11,Oxley Highway,-31.46326,152.82224,FALSE,FALSE,FALSE,FALSE,FALSE,FALSE,FALSE,FALSE,FALSE,TRUE,FALSE,FALSE,FALSE,FALSE,FALSE,FALSE,FALSE,FALSE,FALSE,LEFT,,FALSE,1,FALSE,FALSE,BOTH LIGHT AND HEAVY VEHICLES,TOWN SUPPLY,OTHER
4007,Chinderah Southbound Service Centre,1,78,CHINDERAH SERVICE CENTRE SOUTHBOUND ONLY,80km north of Ballina,10,PACIFIC HIGHWAY,-28.24378,153.55759,FALSE,FALSE,FALSE,FALSE,FALSE,FALSE,FALSE,FALSE,FALSE,TRUE,FALSE,FALSE,FALSE,FALSE,FALSE,FALSE,FALSE,FALSE,FALSE,RIGHT,,FALSE,1,FALSE,FALSE,BOTH LIGHT AND HEAVY VEHICLES,TOWN SUPPLY,OTHER
4009,Chinderah Northbound Service Centre,1,78,,74.05km North of Ballina,10,PACIFIC HIGHWAY,-28.25717,153.52767,FALSE,FALSE,FALSE,FALSE,FALSE,FALSE,FALSE,FALSE,FALSE,TRUE,FALSE,FALSE,FALSE,FALSE,FALSE,FALSE,FALSE,FALSE,FALSE,LEFT,OPEN,FALSE,2,FALSE,FALSE,BOTH LIGHT AND HEAVY VEHICLES,SOURCE UNKNOWN,OTHER
4010,Clybucca Northbound,2,36,,17.2km north of Kempsey,10,Pacific Highway Collombatti,-30.909,152.91781,TRUE,FALSE,FALSE,FALSE,FALSE,FALSE,FALSE,FALSE,FALSE,TRUE,TRUE,FALSE,FALSE,TRUE,FALSE,FALSE,FALSE,TRUE,TRUE,LEFT,OPEN,FALSE,2,TRUE,TRUE,BOTH LIGHT AND HEAVY VEHICLES,SOURCE UNKNOWN,RMS
4011,Clybucca Southbound,2,36,,17.2km north of Kempsey,10,Pacific Highway Collombatti,-30.90962,152.919,TRUE,FALSE,FALSE,FALSE,FALSE,FALSE,FALSE,FALSE,FALSE,TRUE,TRUE,FALSE,FALSE,TRUE,FALSE,FALSE,FALSE,TRUE,TRUE,RIGHT,OPEN,FALSE,2,TRUE,TRUE,BOTH LIGHT AND HEAVY VEHICLES,SOURCE UNKNOWN,RMS
4019,Halfway Creek Service Centre,1,17,,51km from Coffs Harbour,10,Pacific Highway,-29.93466,153.09455,TRUE,FALSE,FALSE,FALSE,FALSE,FALSE,FALSE,FALSE,FALSE,FALSE,TRUE,FALSE,FALSE,FALSE,FALSE,FALSE,FALSE,FALSE,FALSE,RIGHT,OPEN,FALSE,2,FALSE,FALSE,BOTH LIGHT AND HEAVY VEHICLES,,PRIVATE
4091,Nambucca Heads Service Centre,1,47,,66.67km north of Port Macquarie,10,Pacific Highway,-30.62643,152.97234,TRUE,TRUE,FALSE,FALSE,FALSE,FALSE,FALSE,FALSE,FALSE,FALSE,TRUE,FALSE,FALSE,FALSE,FALSE,FALSE,FALSE,FALSE,TRUE,LEFT,OPEN,FALSE,2,FALSE,FALSE,BOTH LIGHT AND HEAVY VEHICLES,,OTHER
4092,Arrawarra,2,21,,33.0km north of Coffs Harbour,10,Pacific Highway,-30.05999,153.18505,TRUE,TRUE,FALSE,FALSE,FALSE,FALSE,FALSE,FALSE,FALSE,TRUE,TRUE,FALSE,FALSE,TRUE,FALSE,FALSE,FALSE,TRUE,TRUE,RIGHT,OPEN,FALSE,6,TRUE,TRUE,BOTH LIGHT AND HEAVY VEHICLES,TOWN SUPPLY,RMS
4125,Barry's Creek Northbound,2,37,,,10,PACIFIC HIGHWAY,-31.24847,152.82109,TRUE,TRUE,FALSE,FALSE,FALSE,FALSE,FALSE,FALSE,FALSE,TRUE,TRUE,FALSE,FALSE,TRUE,FALSE,FALSE,FALSE,FALSE,FALSE,LEFT,OPEN,FALSE,3,FALSE,FALSE,BOTH LIGHT AND HEAVY VEHICLES,,RMS
4126,Barry's Creek Southbound,2,37,,,10,PACIFIC HIGHWAY,-31.24858,152.82243,TRUE,TRUE,FALSE,FALSE,FALSE,FALSE,FALSE,FALSE,FALSE,TRUE,TRUE,FALSE,FALSE,TRUE,FALSE,FALSE,FALSE,FALSE,FALSE,RIGHT,OPEN,FALSE,3,FALSE,FALSE,BOTH LIGHT AND HEAVY VEHICLES,,RMS
4134,Coffs South Service Centre,1,22,,0 km from Stadium Drive Coffs Harbour,10,PACIFIC HIGHWAY,-30.32068,153.08658,TRUE,TRUE,FALSE,FALSE,FALSE,FALSE,FALSE,TRUE,TRUE,TRUE,TRUE,FALSE,FALSE,TRUE,FALSE,FALSE,FALSE,FALSE,FALSE,RIGHT,OPEN,FALSE,2,FALSE,FALSE,LIGHT VEHICLES ONLY,,PRIVATE
